S0130000626C325F62705F706D69632E73726563D8
S31500011E002CC90000FFFFFFFFFFFFFFFFFFFFFFFFE2
S31500011E10FFFFFFFFFFFFFFFFFFFFFFFFFFFFFFFFCB
S31500011E20FFFFFFFFFFFFFFFFFFFFFFFFFFFFFFFFBB
S31500011E30FFFFFFFFFFFFFFFFFFFFFFFFFFFFFFFFAB
S31500011E40FFFFFFFFFFFFFFFFFFFFFFFFFFFFFFFF9B
S31500011E50FFFFFFFFFFFFFFFFFFFFFFFFFFFFFFFF8B
S31500011E60FFFFFFFFFFFFFFFFFFFFFFFFFFFFFFFF7B
S31500011E70FFFFFFFFFFFFFFFFFFFFFFFFFFFFFFFF6B
S31500011E80FFFFFFFFFFFFFFFFFFFFFFFFFFFFFFFF5B
S31500011E90FFFFFFFFFFFFFFFFFFFFFFFFFFFFFFFF4B
S31500011EA0FFFFFFFFFFFFFFFFFFFFFFFFFFFFFFFF3B
S31500011EB0FFFFFFFFFFFFFFFFFFFFFFFFFFFFFFFF2B
S31500011EC0FFFFFFFFFFFFFFFFFFFFFFFFFFFFFFFF1B
S31500011ED0FFFFFFFFFFFFFFFFFFFFFFFFFFFFFFFF0B
S31500011EE0FFFFFFFFFFFFFFFFFFFFFFFFFFFFFFFFFB
S31500011EF0FFFFFFFFFFFFFFFFFFFFFFFFFFFFFFFFEB
S31500011F00FFFFFFFFFFFFFFFFFFFFFFFFFFFFFFFFDA
S31500011F10FFFFFFFFFFFFFFFFFFFFFFFFFFFFFFFFCA
S31500011F20FFFFFFFFFFFFFFFFFFFFFFFFFFFFFFFFBA
S31500011F30FFFFFFFFFFFFFFFFFFFFFFFFFFFFFFFFAA
S31500011F40FFFFFFFFFFFFFFFFFFFFFFFFFFFFFFFF9A
S31500011F50FFFFFFFFFFFFFFFFFFFFFFFFFFFFFFFF8A
S31500011F60FFFFFFFFFFFFFFFFFFFFFFFFFFFFFFFF7A
S31500011F70FFFFFFFFFFFFFFFFFFFFFFFFFFFFFFFF6A
S31500011F80FFFFFFFFFFFFFFFFFFFFFFFFFFFFFFFF5A
S31500011F90FFFFFFFFFFFFFFFFFFFFFFFFFFFFFFFF4A
S31500011FA0FFFFFFFFFFFFFFFFFFFFFFFFFFFFFFFF3A
S31500011FB0FFFFFFFFFFFFFFFFFFFFFFFFFFFFFFFF2A
S31500011FC0FFFFFFFFFFFFFFFFFFFFFFFFFFFFFFFF1A
S31500011FD0FFFFFFFFFFFFFFFFFFFFFFFFFFFFFFFF0A
S31500011FE0FFFFFFFFFFFFFFFFFFFFFFFFFFFFFFFFFA
S31500011FF0FFFFFFFFFFFFFFFFFFFFFFFFFFFF55AAE9
S31500012000F40300AAF50301AAF60302AAF70303AA39
S31500012010000681D2A018A6F200101ED5DF3F03D517
S31500012020007F051000C01ED5DF3F03D54100009497
S31500012030410182D200103ED5000001AA00101ED532
S31500012040DF3F03D5004780D200111ED5000090D294
S315000120502010A0F28000C0F2010538D521AC68D36A
S31500012060410000B400006DB220131ED5001C80D2C1
S31500012070009C1BD5FF4403D50000A8D2010538D525
S31500012080211C44D3410000B400006CB240111ED59E
S31500012090480000946000009000000091A10000B08B
S315000120A021000091210000CB76000094600000B071
S315000120B000002591610000D021801391210000CB01
S315000120C07E000094BF4000D536000094E00314AAB8
S315000120D0E10315AAE20316AAE30317AA6C01009409
S315000120E070010094BC000094F40300AAB6000094A9
S315000120F01F870ED5301E0094808640A920401ED52C
S3150001210001401ED5869E44A9849643A9828E42A982
S31500012110808641A9E0039FD69F3703D5DF3F03D5CC
S31500012120F3031EAA1B000094F20300AA60025FD605
S31500012130F3031EAAA700009406000094020440F9C6
S31500012140FE0313AA420000B440001FD6C0035FD6A7
S31500012150020038D503FE9FD203E0BFF24200030A14
S31500012160C54A0510000080D2044905109F0005EB01
S31500012170E0000054810443F82100030A3F00026B8A
S3150001218061FFFF5480C000D1C0035FD6C0035FD694
S31500012190010038D5205C50D3200C40B3C0035FD674
S315000121A0600000B0000025911F000091C0035FD6BA
S315000121B0C0035FD6200080D2C0035FD6C0035FD6BE
S315000121C0000080D2C0035FD6E3031EAA8014403804
S315000121D0600000B4FAFFFF97FDFFFF1760005FD6AE
S315000121E0050880D2E3031EAAA51000D18024C59A52
S315000121F0000C40921F2800F143000054009C0091FE
S3150001220000C00091EEFFFF9705FFFFB560005FD6A6
S31500012210400180D2EAFFFF17E6031EAAE6FFFF97F9
S31500012220000100B484420510E8FFFF97E40306AA03
S31500012230841000D1EBFFFF97F6FFFF97E1FFFF97B1
S31500012240FE0306AA64000014A10100B423003BD5D5
S31500012250634C50D3820080D24220C39A0100018B85
S31500012260430400D10000238A207E0BD50000028B97
S315000122701F0001EBA3FFFF549F3F03D5C0035FD6A9
S31500012280A10100B423003BD5634C50D3820080D218
S315000122904220C39A0100018B430400D10000238A26
S315000122A0207608D50000028B1F0001EBA3FFFF5427
S315000122B09F3F03D5C0035FD60200018B3000001497
S315000122C00200018BE3003BD5630C40D3850080D22D
S315000122D0A320C39A3F0003EB23050054610400D1F8
S315000122E01F0001EA60020054040001AA840400915F
S315000122F0640400B49F0002EB280400541F0C40F252
S31500012300E0000054050C40B2A5040091850300B419
S315000123101F1400381F0005EBC1FFFF541F0004EB1B
S31500012320820000541F7C81A81F0004EBC3FFFF54E9
S315000123304400218A1F0004EBA200005420740BD52F
S315000123400000038B1F0004EBA3FFFF5444EC7C92B7
S315000123501F0004EB820000541F7C81A81F0004EBC0
S31500012360C3FFFF541F0002EB800000541F14003806
S315000123701F0002EBC1FFFF54C0035FD61F0C40F2E2
S3150001238060FEFF54040C40B284040091C4FEFFB405
S315000123909F0002EB82FEFF541F1400381F0004EB5E
S315000123A0C1FFFF54EAFFFF17A10080D200103ED5FE
S315000123B00000218A00101ED5DF3F03D59F3F03D5BC
S315000123C0C0035FD6A10082D2F9FFFF17C0035FD613
S315000123D0C0035FD67F2003D5FFFFFF171F870ED5EA
S315000123E0E70300AA600000D000000291010040F955
S315000123F001A21ED5020440F942201ED5030840F968
S3150001240003201ED59F3B03D5DF3F03D504103ED5E0
S31500012410A50080D20501A0F2840005AA85F87D9267
S31500012420FF0040F2A410849A04101ED5DF3F03D5A5
S31500012430C0035FD6E7031EAAE60303AA060200B499
S31500012440C01400F910000094E00306AAFE0307AACF
S315000124500100009021A01491010800F91F0C00F958
S315000124600100009021C01591011000F9A10080D250
S31500012470010400F9011D001402000014000080D2BD
S31500012480E0005FD60300805203080079C300805242
S315000124900318007903104079032440790300805220
S315000124A003100079032400790308407963741E122E
S315000124B0030800790300805203000079030080526B
S315000124C0035000392308C21A637C05536304005183
S315000124D0030800396304009163C873D3637C029BCC
S315000124E06308C19A01068052015000390308003978
S315000124F003008052630400117F000471C1FFFF5481
S31500012500032C40796378181263781012032C007932
S3150001251003008052031800790306805203080079EC
S31500012520200080D2C0035FD6211440F91F28007114
S31500012530E1000054221C4079423008535F4000718B
S31500012540AAFFFF54A201805222180039221C4079A9
S31500012550423008535F400071AAFFFF54201800392A
S31500012560221040794278191222100079C0035FD6F1
S31500012570001440F90110407921001A123F0001713F
S31500012580A1FFFF5400008052C0035FD60006A0D20F
S31500012590401018D5C0035FD6FD7BBDA9FD03009190
S315000125A0F35301A9F51300F9541B0094130440F9E0
S315000125B015008052F30100B5511B0094F30300AAE4
S315000125C0000440F9000840F9010C40F9410000B54A
S315000125D0130C00F94B1B0094600640F9F35341A913
S315000125E0000840F9F51340F9FD7BC3A8C0035FD687
S315000125F0600640F9000440B98000103675000035C8
S31500012600350080528F030094600240B9F2020094B3
S31500012610F403002AC0000034E103002A400000D080
S3150001262000601891641C00940D000014610640F9C5
S31500012630200440B980010837600240B9261C009485
S31500012640F403002A00010034610240B9E203002AC2
S31500012650400000D0001C1991571C0094E003142A75
S31500012660D61C0094600240B9DD020094F403002AEE
S31500012670A0000034E103002A400000D000B81991FF
S31500012680E9FFFF17730A40F9CBFFFF17FD7BBFA9CF
S31500012690FD030091F2020094FD7BC1A843030014DF
S315000126A0FD7BBEA9410000D021901791FD03009149
S315000126B0F30B00F9530000D0737A1A91E00313AAC1
S315000126C03D1C0094E00313AA410000D02118179184
S315000126D0391C0094AEFFFF97BA1C0094AFFFFF9719
S315000126E0F30300AA400000D000A01A91321C009406
S315000126F0E00313AA2F1C00949A1C0094E00313AA6A
S31500012700F30B40F9FD7BC2A878FEFF17610000902C
S31500012710051780D2242049B96100009022C040F9F2
S31500012720010080D242E002D19F00016B6800005493
S31500012730000080120700001423040091667C059BAB
S31500012740466866B8DF00006B61000054E003012AA9
S31500012750C0035FD6E10303AAF4FFFF17FD7BBFA900
S31500012760FD030091EAFFFF97E000F8376100009052
S315000127700217805221C040F90004229BFD7BC1A8AB
S31500012780C0035FD6000080D2FDFFFF1760000090F6
S31500012790052049B96503003460000090610000B06E
S315000127A0834080D20717805206C040F92000259148
S315000127B00302A0F223A004F9C3200091C2000291F2
S315000127C001008052020400F964805FB821040011FF
S315000127D0440000B9BF00016B430400F9A90000548D
S315000127E02418A79B84000291440800F9E20304AA75
S315000127F063E00291BF00016B81FEFF54C0035FD607
S31500012800000080D2FEFFFF17600000900A2049B940
S315000128104A060034FD7BBFA960000090010080D20A
S31500012820FD0300910BC040F9041780D2E003012A91
S315000128305F01016B68000054000080520A00001419
S31500012840222C049B21040091432440B963041D12E8
S315000128507F600071C1FEFF54610000B042600291C9
S3150001286022AC04F9670000B0A14080D20102A0F2B7
S31500012870020080D2E1A804F9090080520C178052A7
S31500012880007CAC9B6101008B28600291606960B895
S31500012890209800B920200091000500F920800091C0
S315000128A0000900F9420000B4480C00F9207840B94B
S315000128B01F040031C000005495FFFF972905001140
S315000128C0E20308AA5F01096BC1FDFF54E0402591AF
S315000128D0FD7BC1A8C0035FD6000080D2C0035FD6CE
S315000128E0610000B021B044F9200400B9C0035FD6ED
S315000128F0620000B04180259140B004F9000040B962
S31500012900026458D34204001122240039023448D308
S3150001291000100012420400110004001122200039A7
S3150001292020280039C0035FD6620000B000040253BC
S3150001293042B044F9401001B9411401B9C0035FD650
S315000129401F3C0071660000B0C1000054C080259193
S3150001295007244039200080520020C71A0004005184
S31500012960C6B044F9070480520078042A2118A79BAF
S31500012970220001B942FC60D3220401B9230801B93E
S3150001298063FC60D3230C01B9201001B9251401B9E8
S31500012990C0035FD6600000B001802591250080D27A
S315000129A000B044F9242440390100805200200091EE
S315000129B09F00016B48000054C0035FD6020040B976
S315000129C0424C50D34224C11A22010036410200343E
S315000129D0400000D000F01A91FD7BBFA9FD030091D4
S315000129E0751B0094DF1B00940CFEFF97020040B993
S315000129F0A320C19A424C50D34200032A430C001231
S31500012A00030000B9030040B9634C50D35F00036B68
S31500012A10A1FFFF5421040011E6FFFF17600000B07B
S31500012A2003802591250080D200B044F96424403901
S31500012A3002200091010840B9214050D39F00016B4B
S31500012A4048000054C0035FD6430040B9A020C19A94
S31500012A50637C10536000200A000C0012400000B98C
S31500012A60430040B9634C50D31F00036BA1FFFF54D1
S31500012A7021040011F2FFFF1780008052C0035FD6C8
S31500012A80000440F9001040F9200000F900008052CE
S31500012A90C0035FD6FD7BBEA9FD030091F30B00F9D0
S31500012AA0F30300AA600000B000002691010C40F972
S31500012AB0610000B4010680D200FEFF977F0600F98F
S31500012AC000008052F30B40F9FD7BC2A8C0035FD61C
S31500012AD0FD7BBBA9E30301AAFD030091F35301A901
S31500012AE0740000B0730000B082E2259161C22591A5
S31500012AF0F51300F9150440F9E003032ACA1A0094F4
S31500012B00E000003433008012E003132AF35341A995
S31500012B10F51340F9FD7BC5A8C0035FD681BE44F914
S31500012B20E2C3009160BA44F94F010094C0FEFF353B
S31500012B30E01B40F9E3E30091020280D2E103019137
S31500012B408C010094F303002A40010035E14340B9AA
S31500012B5020008052804CB5723F00006B0101005489
S31500012B60E04740B9C0000034E04F40B9A0120079F7
S31500012B70E01B40F986010094E4FFFF173300801241
S31500012B80FCFFFF17FD7BBCA9FD030091F35301A9CF
S31500012B90F40300AA600000B0F30301AAF55B02A9E1
S31500012BA0F60302AA01BC44F9600000B0F50303AACA
S31500012BB0E2E3009100B844F92B010094C00300350B
S31500012BC0940640F921008052800E40F9820240B9F4
S31500012BD04200008BE01F40F95801009420010034A7
S31500012BE033008012E01F40F969010094E003132AC3
S31500012BF0F35341A9F55B42A9FD7BC4A8C0035FD687
S31500012C00E01F40F9E10313AAE3C30091E20316AA08
S31500012C1058010094F303002A40FEFF35E11B40F9F9
S31500012C20800240B9A10200F90000010B800200B93F
S31500012C30EDFFFF1733008012EDFFFF17650000D08F
S31500012C40E70300AAA04042B9600000346001801287
S31500012C50C0035FD6630000B022008012660000B098
S31500012C60C4C0269160E044F91F0000F1E003821A16
S31500012C704200009042E03191C2D804F962002791E6
S31500012C80820400F922008052A24002B900FEFF35FB
S31500012C9067E004F9240000F9EEFFFF17FD7BBBA9ED
S31500012CA0FD030091F35301A9740000B0940226912B
S31500012CB0F55B02A9800E40F9F76303A9C00500B5CB
S31500012CC0600000B0F80301AAF50302AAE20301912C
S31500012CD001BC44F9600000B000B844F9E200009478
S31500012CE0E0040035E02340F9020280D2210080523F
S31500012CF012010094E0020035570000D0962200919F
S31500012D00F7BA1B91E02340F9E3230191020580D232
S31500012D10E10316AA17010094F303002AC001003546
S31500012D20020280D2E10318AAE00316AA521E0094F9
S31500012D30F303002A80020034020280D2E10317AABB
S31500012D40E00316AA4C1E0094E0FDFF359F0E00F924
S31500012D5033008012E02340F90D010094E003132AA9
S31500012D60F35341A9F55B42A9F76343A9FD7BC5A8C6
S31500012D70C0035FD6D3028012F9FFFF17330080121A
S31500012D80F7FFFF179F0200B9B40600F9F2FFFF171C
S31500012D90610000B0000440F93FB804F9610000B0D9
S31500012DA03FBC04F9610000B022E044F9010040F99A
S31500012DB05F0001EB81010054FD7BBFA9010280D2B6
S31500012DC0FD0300913DFDFF97610000D0FD7BC1A889
S31500012DD0204042B900040051204002B9000080524F
S31500012DE0C0035FD620008012C0035FD6FD7BBEA95B
S31500012DF0FD030091F30B00F9F30300AA600000B094
S31500012E0000C026917D0000948000003541000090AD
S31500012E1021C03191610200F9F30B40F9FD7BC2A893
S31500012E20C0035FD640008052C0035FD660000090A9
S31500012E3000000091200000F900008052C0035FD617
S31500012E4000008052C0035FD6640000B08340279122
S31500012E5080D049B9000100352500805285D009B9D5
S31500012E60240440A964FC00A9610C00F9430400F99B
S31500012E70C0035FD660018012FEFFFF173F04007199
S31500012E80A1000054000440F9020800F90000805234
S31500012E90C0035FD620008012FEFFFF17000440F931
S31500012EA0000C40F9200000F900008052C0035FD6F3
S31500012EB0FD7BBFA9010480D2FD0300911F0400F927
S31500012EC0600000B000402791FCFCFF970000805293
S31500012ED0FD7BC1A8C0035FD6FD7BBDA9FD030091A3
S31500012EE0F35301A9F40302AA130440F9F55B02A9FD
S31500012EF0F60303AA638240A91500028B0000038B27
S31500012F00EA1D0094D40200F9750A00F90000805206
S31500012F10F35341A9F55B42A9FD7BC3A8C0035FD664
S31500012F20FD7BBDA9E40301AAFD030091F35301A9A9
S31500012F30F40302AA130440F9F55B02A9F60303AAF6
S31500012F40618240A91500028B0100018BE00304AAEE
S31500012F50D61D0094D40200F900008052750A00F9CA
S31500012F60F35341A9F55B42A9FD7BC3A8C0035FD614
S31500012F70FD7BBEA9FD030091F30B00F9F30300AA43
S31500012F8060000090000000911C0000948000003554
S31500012F904100009021003391610200F9F30B40F9E1
S31500012FA0FD7BC2A8C0035FD6E20300AA600000B0A1
S31500012FB001C0279100F844F95F0000EBA00100541D
S31500012FC0230440F9200080125F0003EB0101005445
S31500012FD0200080D23F7820F8610000D0204842B915
S31500012FE000040051204802B900008052C0035FD698
S31500012FF0000080D2F8FFFF17610000D0204442B9DB
S315000130001F040071A800005400040011204402B9F5
S3150001301000008052C0035FD660018012FEFFFF17D9
S31500013020030040F9E40301AAE00304AAE10302AAAA
S3150001303060001FD6020040F9421C40F9420000B46C
S3150001304040001FD600008052C0035FD6010040F940
S31500013050212040F9410000B420001FD60000805213
S31500013060C0035FD6630000B0664842B9DF04007151
S31500013070E8050054FD7BBCA9E50303AA63000090A3
S31500013080FD03009167C0279163F844F9F35301A941
S31500013090F55B02A9F71B00F9E30300B4E40440F968
S315000130A09F0000F124008012E3179F1A84109F1AD3
S315000130B07500009077EC7CD3B5022891C604001107
S315000130C0B402178BA64802B9F47823F884010035B7
S315000130D0F30300AAF60302AA000040F9E20314AAC8
S315000130E0030440F9E00313AA60003FD6E403002A73
S315000130F080010035B36A37F8D40200F9E003042AE7
S31500013100F35341A9F55B42A9F71B40F9FD7BC4A81E
S31500013110C0035FD6030080D204008052E5FFFF178B
S31500013120E00314AAA1FFFF97F5FFFF1764018012C0
S31500013130E003042AC0035FD6030040F9630040F9A7
S31500013140630840F9430000B460001FD640028012B4
S31500013150C0035FD6020040F9420040F9420C40F933
S31500013160420000B440001FD640028012C0035FD661
S31500013170040040F9840040F9841040F9440000B489
S3150001318080001FD640028012C0035FD6FD7BBEA918
S31500013190FD030091010040F9210040F9211840F991
S315000131A0F30B00F9F30300AA210100B420003FD676
S315000131B0E403002AE00313AA7CFFFF97E003042A35
S315000131C0F30B40F9FD7BC2A8C0035FD60400805211
S315000131D0F9FFFF1700008052C0035FD6FD7BBEA931
S315000131E0FD030091F35301A973000090F403002A33
S315000131F0601245F9C00000B500BC4091021680D2AC
S31500013200601205F9010080523D1D0094E003142A65
S3150001321053FDFF979F120071E00000549F16007145
S315000132204001005400008052F35341A9FD7BC2A81E
S31500013230C0035FD601800091020B80D2601245F96E
S315000132401A1D0094F8FFFF17631245F9020B80D28D
S31500013250018000916000028BFAFFFF17FD7BBEA97A
S31500013260FD030091F30B00F95C1C009400C086522B
S31500013270C02DA07216180094D11C0094740D0094F0
S315000132806B1C0094804081D2E18898524020A2F2C2
S315000132902108A172000040B9006C00121F00016BE9
S315000132A001060054802482D2C030A2F2000040B947
S315000132B0000C18121F001C7141050054002582D212
S315000132C0C030A2F2000040B9000C18121F001C7198
S315000132D08104005400AF80D2E18F00322020A2F297
S315000132E0010000B901DF80D22120A2F2200040B9FD
S315000132F0000C00121F3C0071A1FFFF54000F81D288
S31500013300E18F00322020A2F2010000B9013F81D2F3
S315000133102120A2F2200040B91F0C40F2C1FFFF5448
S31500013320800280D2C1A082528038A2F24100A072EE
S31500013330010000B9000280D28038A2F2C1A08252F7
S315000133404120A072010000B900AF80D22020A2F274
S31500013350E101A052010000B900000691000040B948
S31500013360730000900240985273A2289101209C524A
S31500013370000097D2E30313AA2200A072A1BEA07295
S315000133808000A2F22CFCFF976000003575190094AD
S31500013390A2FBFF97E00313AAA1008052F30B40F9A9
S315000133A0FD7BC2A842190014FD7BB5A9821080D20B
S315000133B001008052FD030091E0B30091D01C0094FE
S315000133C0000084D20200A8D22000A0F2E00301A9E5
S315000133D0A000009000000091E21B00F9004840D1D6
S315000133E0E01300F940018052E02B00B9E0FFFFF045
S315000133F001000091400000F000000091000001CBA7
S31500013400E18703A9210000F021403491E02700F96A
S3150001341040008052E05300B940088052E22F00F983
S31500013420E07B00B9E0430091E24300F9681900949A
S3150001343000008052CF190094FD7BCBA8C0035FD654
S31500013440FD7BBFA9FD030091E517009431020094AD
S31500013450FD7BC1A814180014004080D2014080529F
S315000134600028A2F2010000B9E1830032010400B98B
S31500013470C0035FD641000090061E80D221402091F4
S31500013480040080522528A2522628A2F223084029A8
S315000134907FC00371410E0054430C00120300003932
S315000134A0426C1C12C20000B9840400112120009153
S315000134B09FD00671C1FEFF54005880D24100009092
S315000134C02028A2F222401091211044B9030040B9EC
S315000134D0637406126160012A010000B9815880D225
S315000134E0430440B92128A2F2240040B9847416127B
S315000134F08320032A230000B943084129040040B967
S3150001350084740E128340032A030000B9032380D278
S315000135102428A252200040B92328A2F200741E12C8
S315000135200000022A200000B94000009002C00F915D
S31500013530610040B900F043B9420440B9E003202AD2
S315000135400100010A2100022A610000B9812480D20A
S315000135502128A2F2230040B90000030A832380D266
S315000135600000022A200000B9400000902328A2F2A0
S3150001357002E00F9100F843B9610040B9420440B935
S31500013580E003202A0100010A2100022A610000B994
S31500013590012580D22128A2F2230040B90000030AA6
S315000135A0832880D20000022A200000B94000009042
S315000135B02328A2F202001091000044B9610040B92B
S315000135C0420440B9E003202A0100010A2100022A2F
S315000135D0610000B9012980D22128A2F2230040B955
S315000135E00000030A832980D20000022A200000B9C4
S315000135F0400000902328A2F202201091000844B94D
S31500013600610040B9E003202A420440B90100010AE1
S315000136102100022A610000B9012A80D22128A2F2E2
S31500013620230040B90000030A0000022A200000B965
S31500013630400000900080109101008052030440B9BF
S3150001364021040011028440B83F1000714200040BAE
S31500013650430000B941FFFF54C0035FD66300050B69
S31500013660620000B991FFFF17001C0012421C0012F4
S3150001367003001A321FCC0071045C0051802980D2EC
S315000136802028A2F2841C00126430841A5F0800719B
S31500013690030040B9E0079F1A211C0012631C18128F
S315000136A06300042A631C002AE1000036802580D2CB
S315000136B02028A2F2020040B9423C10124200032A1D
S315000136C0020000B922001F1201010836022680D22B
S315000136D02228A2F2400040B9003C10120000032A41
S315000136E0400000B92200805221040012842180D2B8
S315000136F02428A2F23F0C0071E0179F1A425C18536E
S31500013700830040B9C10080520150A0724060002A76
S315000137100000012A63140612814980D20000032A9F
S315000137202128A2F2800000B9200040B9E0FF1F362F
S31500013730814D80D22128A2F2200040B900001D321D
S31500013740200000B920008052AE1B0014FD7BA9A900
S31500013750832580D2020C80D2FD030091F96B04A966
S31500013760F903002A0328A2F20228A2F2F35301A9BF
S31500013770F55B02A9F503012A01008052F76303A94B
S31500013780FB7305A93F00156B010B005400CF80D2D6
S31500013790BF0A00712028A2F2060040B9040C40B904
S315000137A0E01F8052E07300B9FF7B00B9C65C50D3BD
S315000137B0841C001261000054E07700B9FF7F00B954
S315000137C087781F53882580D20A3980D20B2080D270
S315000137D0913580D28C3A80D2E70400118F04001112
S315000137E0EDC30191E9E30191EE030291D700044B88
S315000137F0020080520828A2F20A28A2F20B28A2F29D
S315000138001010A6521128A2F2D20080520C28A2F260
S31500013810D30380D2140F80D236008052FF01026B8F
S3150001382029070054400800111F00066BC80D0054FB
S31500013830C100024B213C00121F0100B9BF0A0071F1
S31500013840206C1C5300000032400100B98100005475
S31500013850E3008052030100B9400100B9700100B9CB
S31500013860600140B9E0FFE737000080D2250240B988
S3150001387018380011037C4093A524D81A8502003715
S31500013880457E001B050100B99A0140B9980140B96E
S315000138905A170012183748D34503184B5F03186BA4
S315000138A0BB1C001205031A4BA51C0012B87960B89F
S315000138B0A5909B1ABF00186B22080054037C149B29
S315000138C0A57920B8367920B861682EB80004009130
S315000138D0BF02006BC8FCFF5442040011FF00026BDB
S315000138E0E8F9FF540B000014610000B9210400112E
S315000138F0400040B900741A1200001C32400000B9A1
S31500013900A1FFFF17E102020B3FF8017149F9FF54CC
S31500013910862580D2053980D2FBE30191E903029124
S315000139200100805204008052E00F80520300805251
S31500013930E70080520628A2F20528A2F2C80380D227
S31500013940227C40936A7B62B85F01046B08050054D0
S315000139500000030B22040011217C071BBF02026B2E
S31500013960007C0153C10000B9003C1C53A00000B902
S3150001397048050054812080D2E09F08320128A2F236
S31500013980200000B9200400B9002080D20028A2F24C
S315000139900110A652010000B9010040B9E1FFE73765
S315000139A0803580D20028A2F2000040B9333B406A3C
S315000139B0C0030054EB17009418FAFF9781F8FF54DF
S315000139C0257960B8BF74007128F8FF54637C139B96
S315000139D06340258BA5040011257920B8C17923B848
S315000139E0BBFFFF17E203042ABCFFFF17427C089BBB
S315000139F042C0248B84040011227962B87F00026BD5
S31500013A006320821A1F00026B0090821AE203012AC8
S31500013A10E103022ACBFFFF1704008052E00F805218
S31500013A2003008052FBFFFF17813280D2371F00123D
S31500013A300128A2F222008052200040B9000019326A
S31500013A40200000B981D080D22128A2F2200040B9FD
S31500013A503A0040B9812380D20128A2F2007C0853A2
S31500013A60031C0012380040B9E103172AE36F00B9BD
S31500013A705A5F50D318070012FCFEFF97013980D216
S31500013A80E36F40B90128A2F2BF0A0071200040B9D4
S31500013A9000000032200000B9E01F8052E07300B937
S31500013AA0FF7B00B961000054E07700B9FF7F00B9E0
S31500013AB05C7B1F53160080529C07001140070011C2
S31500013AC01F00166B89070054DF02036BC80F0054F1
S31500013AD07400164B943E001202008052E003142A31
S31500013AE0E103182AE36F00B9E0FEFF97052080D2B3
S31500013AF0863A80D20528A2F2872580D2000AA652EC
S31500013B00E36F40B90628A2F20728A2F2A00000B985
S31500013B10A00040B9E0FFE737003880D2E8C3019141
S31500013B200028A2F2E9030291CA008052CB0380D297
S31500013B30040040B90C0F80D22D008052000080D2C3
S31500013B402453440A017C409384020035427D001BC4
S31500013B50E20000B9CF0040B9CE0040B9EF1500121E
S31500013B60CE3548D3E2010E4BFF010E6B501C0012FD
S31500013B70C2010F4B421C00120E7960B84290901A96
S31500013B805F000E6BC2080054017C0C9B027920B8C1
S31500013B906D7B20B8346829B800040091BF02006B20
S31500013BA028FDFF54D60600119F03166B88F8FF54B3
S31500013BB00500001474001A4B9402160B9F2601711E
S31500013BC0A9F8FF54E50302910300805202008052D6
S31500013BD0E00F8052C40380D2617C4093667B61B85A
S31500013BE0DF00026B48070054630400117F00156B68
S31500013BF0030800540000130B02008052E103172A48
S31500013C00137C0153741E0012733E0012E003142A42
S31500013C1096FEFF9701D180D2420080522128A2F25E
S31500013C20200040B9005C18127302002A330000B963
S31500013C30013980D20128A2F2200040B900781F1272
S31500013C40200000B9E103172AE003142A87FEFF9733
S31500013C50813280D2832580D20128A2F2020C80D241
S31500013C600328A2F20228A2F2200040B90078181215
S31500013C70200000B9000080521F00156BE1030054BB
S31500013C80F35341A9F55B42A9F76343A9F96B44A92B
S31500013C90FB7345A9FD7BD7A8C0035FD6E1F7FF54A7
S31500013CA0627B60B85F74007188F7FF54217C0B9BBF
S31500013CB02140228B42040011627B20B8347921B85D
S31500013CC0B6FFFF17F6031A2AB7FFFF17217C049BDD
S31500013CD021C0228B42040011A17861B87F02016BD9
S31500013CE07322811A1F00016B0090811ABBFFFF1717
S31500013CF002008052B9FFFF17600000B900040011ED
S31500013D00410040B921041C32410000B9DBFFFF1715
S31500013D10FD7BB9A90000009000601191FD0300919F
S31500013D20F35301A9F55B02A9F76303A9F92300F986
S31500013D30FF7F013948190094E07F0191CEFDFF977D
S31500013D40804280D22028A2F2000040B92006003627
S31500013D5013000012F703132A80CE80D2012380D2EA
S31500013D602028A2F22128A2F221100091140040B9C4
S31500013D70180040B9005880D22028A2F20D3F001247
S31500013D80965254D30B0040B9000780D22028A2F2E4
S31500013D9000100091184F50D3955655D302C05FB805
S31500013DA06C6558D3000040B9946659D325C05FB8F5
S31500013DB01F0B0071210040B909100012435451D361
S31500013DC0002C48D3427058D36400000B4000000B0E
S31500013DD0263C00126B4550D32401040B2001000B35
S31500013DE0A53C0012217C0953A13300542A08001274
S31500013DF05F110071883200544100009021600F91DB
S31500013E0021586A7867000010E1A8218B20001FD68F
S31500013E107700805253008052D0FFFF1708C08152AD
S31500013E2007F080520A408052E13C005207CF80D20F
S31500013E302728A2F22100050A1F0B007121000A2A78
S31500013E40EA0040B9470180529E018052DE03871A7B
S31500013E500704001152008052840400111902A05275
S31500013E60083D00524F0D0012E70CD21A847C015313
S31500013E70511D44D3502D48D34E7D10530801060AD7
S31500013E804A7D1853E703074BE71C00129200070B04
S31500013E90C407040BE77000113E0180528400070B32
S31500013EA067018052E7009E1A1F140071E774001122
S31500013EB0841C0012E700320B3202A0525202991AF8
S31500013EC0194080D21928A2F2E71C00121F0B0071BB
S31500013ED0320300B9120B80D21228A2F2D900805205
S31500013EE0590200B9012E00545E6E01B91200A152A9
S31500013EF09E3980D21F0B00711E28A2F2CE1D1C53C3
S31500013F00CE011E32D20300B9F2179F1A9E2E80D21D
S31500013F101F0300711E28A2F2521E0853D20300B9D4
S31500013F20F2079F1ABFA10F71ED279F1A1F0B007190
S31500013F30AD5D1853AD3D122A120088521200A272CD
S31500013F40AD01122A122480D21228A2F24D0200B922
S31500013F50ED5D1853AD110F2AEF310F2AAF010F2A6C
S31500013F602D2E0C53B141112A8D1880D20D28A2F2A3
S31500013F70F101112A8F2580D2B10100B90D6E1C53B2
S31500013F80AD119F1A0F28A2F210020D2A0D1980D227
S31500013F900D28A2F27F0A0071B00100B98D1380D2FB
S31500013FA00D28A2F2BF0100B9ADB10491FF0100B91C
S31500013FB0AE0100B981000054F0008052F00100B951
S31500013FC0AE0100B90D1880D2290500110D28A2F203
S31500013FD01F0B0071297D011363040011AA0100B9A9
S31500013FE08A3680D20A28A2F2AD0580522D41A372EB
S31500013FF08C1D08534D0100B98A2B80D20A28A2F2E2
S315000140004D038052295D1853637C01135F0100B98A
S315000140108B410B2A4D8D00B9EA079F1A636C1C531D
S315000140204204001129090A2A630000322B010B2AD6
S31500014030092380D20928A2F26301032A427C0113D3
S31500014040844C1453230100B9030008536220022A49
S31500014050832380D20328A2F2420401328710072A61
S31500014060E003202A620000B9E2060052625000B95C
S31500014070023880D20228A2F2000000120641062A66
S31500014080A140012A470000B9823780D20228A2F254
S3150001409021000932400000B9003C80D20028A2F27A
S315000140A0022E8052020000B9002A80D20028A2F214
S315000140B0060000B9010400B9802480D20028A2F2CA
S315000140C0010082520180B572010000B9400180529F
S315000140D04C190094002D80D2032680D20028A2F22A
S315000140E00328A2F2012780D2240180521F0000B9C1
S315000140F0802C80D20028A2F20128A2F2420180522D
S315000141007F0A00711F0000B9802580D20028A2F223
S315000141101F0000B9640000B9220000B9A1000054D3
S31500014120C5008052050000B9640000B9220000B93B
S31500014130012580D2424380520128A2F21F0B007151
S31500014140220000B9411380521F0000B9803480D289
S315000141500028A2F2010000B9802480D20028A2F230
S31500014160410382520180B572010000B9802180D2DB
S315000141700028A2F2C10E8A526100A072010000B9A4
S31500014180000C80D20028A2F241068052010000B93B
S31500014190812E80D20128A2F2200040B90020091206
S315000141A0200000B948180054011F4092200000F079
S315000141B000900F91007861B8813980D20128A2F26E
S315000141C0200000B9002E80D20028A2F241008052C0
S315000141D0010000B9010040B9E1FF1F361F0000B917
S315000141E0800C8052071900941F070071491600546C
S315000141F01F0B0071006082520002A17200009F1A1B
S31500014200813980D20128A2F2200000B9002E80D285
S315000142100028A2F221008052010000B9010040B934
S31500014220E1FF1736010040B921001C32010000B937
S31500014230010040B921781B12010000B9200080520B
S31500014240F0180094812480D222E081120128A2F282
S31500014250200040B900780512200000B920E040B9DD
S315000142600000020A0020172A20E000B9012C80D2A2
S315000142700128A2F2200040B9000400121F00176BAA
S31500014280A1FFFF540000805201150094012080D245
S315000142902128A2F2200040B900781712200000B9A7
S315000142A0810580D22128A2F2200040B900000832FF
S315000142B0200000B92128A2D2200040B90000003216
S315000142C0200000B921200991200040B9E0FFCF3636
S315000142D0183D80D281C880D21828A2F22128A2F2E4
S315000142E002E08D52000340B900000D32000300B90F
S315000142F0200040B9003C081200001232200000B92B
S3150001430081C380D22128A2F2200040B900280312DD
S315000143100000022A200000B9014380D22128A2F21E
S31500014320200040B900001832200000B92000805258
S31500014330B4180094000340B900780C12000300B9C8
S315000143400018009420008052D1140094E07F01915E
S3150001435049FCFF97200000F00000119101008052F6
S315000143602428A252030440B921040011028440B852
S315000143703F2400714200040B430000B941FFFF5482
S31500014380200000F000201291010080520428A25260
S31500014390030440B921040011028440B83F40007172
S315000143A04200040B430000B941FFFF542128A2D269
S315000143B0200040B900000032200000B921200991F7
S315000143C0200040B9E0FFCF36014D80D22128A2F26C
S315000143D0200040B900000732200000B9002380D236
S315000143E00028A2F2010040B922000832020000B9F9
S315000143F0173400B9802680D20028A2F22200A052EA
S31500014400020000B9002080D20028A2F20204AA52BA
S31500014410020000B9020040B9E2FFE737002980D265
S315000144200028A2F2000040B9FF02206AC100005430
S31500014430802980D20028A2F2180040B91803176A11
S31500014440000400544715009474F7FF9708C0815281
S3150001445007F080520AC0805274FEFF172104001231
S315000144603F0C007100FFFF5447000090E7F81B91D5
S3150001447008C08052EA68613847000090E7C016918B
S31500014480E778617869FEFF17E7030A2A08C08152B7
S3150001449066FEFF1708C0815207F080520A808052DB
S315000144A062FEFF171200805292FEFF170000805233
S315000144B042FFFF17004082528000A07251FFFF1792
S315000144C0002380D20028A2F2010000B99400003432
S315000144D0E103132AE003172A9DFCFF9736220035D4
S315000144E0812480D2220280520128A2F2200040B902
S315000144F000000632200000B9011C80D22128A2F258
S315000145002130009120405FB8006019120000022A94
S3150001451020401FB8200040B9007858D31F200171F0
S31500014520A1FFFF54862580D2803480D20628A2F2CC
S315000145300028A2F28C2680D20A3480D2DF0000B98C
S31500014540ED830191F0A30191030080D2020040B9ED
S31500014550CB0080520C28A2F2EE00805242180012C3
S315000145600F208152E503022A0A28A2F20010805286
S31500014570617D031B07008052C10000B9C97D031B81
S31500014580840140B981140012A17923783F00056B9B
S315000145902130851A253C001221010F2AC10000B9DC
S315000145A0440140B984140012047A23789F00006BF9
S315000145B08030801A003C0012E100092AC10000B9CE
S315000145C0E7000411480140B9011500123100040B3E
S315000145D01F017AF28100014B2100911A1F00016B24
S315000145E00090811AFF002471003C001261FEFF5405
S315000145F0630400917F02036BC8FBFF544100054B26
S31500014600822580D20228A2F2833480D20328A2F224
S31500014610211800125F0000B924001932640000B9A4
S31500014620032580D20328A2F2240017327F0A0071E3
S31500014630640000B9842480D20428A2F28440009147
S3150001464083005FB8636019126100012A81001FB8F7
S31500014650E1C340795F0000B92100054B2314001224
S31500014660810040B921641A122100032A033480D241
S31500014670810000B90328A2F2E1D34079470000B9CD
S315000146802100004B660040B921140012C6601912C0
S315000146902100062A610000B961020054E1C7407990
S315000146A02100054B25140012C1008052410000B9BA
S315000146B0810040B921641A122100052A810000B93E
S315000146C0E1208152410000B9E1D74079620040B949
S315000146D02000004B00140012416019120000012A4B
S315000146E0600000B9011C80D22128A2F2213000917C
S315000146F020405FB80060191200001F3220401FB829
S31500014700200040B9007858D31F000171A1FFFF5462
S31500014710812480D20128A2F221F0009120405CB8C8
S315000147200078051220401CB8200040B90004001290
S315000147301F00176BA1FFFF5415050034003780D207
S31500014740210080520028A2F2010000B9002880D27F
S315000147500028A2F201028052010000B9802080D215
S315000147600028A2F201BC87526113AF72010000B9A1
S31500014770C14A8952C121BE72010400B9002080D20A
S315000147800124A2520028A2F2010000B9010040B999
S31500014790E1FFE7370124A252010000B9010040B947
S315000147A0E1FFE7370184A652010000B9002080D25B
S315000147B00028A2F2010040B9E1FFE737000040B945
S315000147C0FF02206A01E4FF54003780D26100805263
S315000147D00028A2F2010000B980CE80D2043880D22E
S315000147E02028A2F20428A2F2F35341A9000040B9FD
S315000147F0810040B9F55B42A9025C57D321781F12AB
S315000148005F0000712100022A823580D20228A2F2BD
S31500014810037C1553F92340F9810000B9015856D399
S31500014820E45F40B23800989A410040B963000853EA
S3150001483021781F123800182A013C0012000082D28A
S31500014840580000B9A094BAF2223C77D3001DC0F2F9
S31500014850213C78D3F76343A90208C29A0008C19A9A
S31500014860E14740B25F0004EB42D0849A6200022A1B
S31500014870833380D20328A2F21F0001EB00D0819A74
S31500014880620000B9822480D20228A2F2430040B914
S3150001489063000632430000B9430040B96134061291
S315000148A02020002A400000B901C780D2400040B94B
S315000148B02128A2F200780512400000B9802180D299
S315000148C082C380D20028A2F22228A2F2000040B9B7
S315000148D0210040B9001C44D3217858D3000C0011A3
S315000148E03F040071410040B90014801A2160191279
S315000148F02004002A400000B9021E80D22228A2F21A
S31500014900E07F4139410040B9000C0012216C1C12B4
S315000149100000012A400000B9FD7BC7A8C0035FD68D
S31500014920003780D2812080D20028A2F20128A2F28B
S315000149301F0000B9E09F0832200000B9200400B929
S31500014940002080D20028A2F20114A652010000B96B
S31500014950010040B9E1FFE737813580D20128A2F293
S31500014960210040B9FF3A416AE1D6FF54823280D232
S315000149700228A2F2410040B921001932410000B9D2
S31500014980010EA652010000B9012080D20128A2F22F
S31500014990200040B9E0FFE737003880D20028A2F2B4
S315000149A0000040B9FF52406AE1D4FF54823280D2FE
S315000149B00228A2F2400040B900781812400000B95E
S315000149C0003180D20201A0520028A2F2020000B9F1
S315000149D00224A252220000B9012080D20128A2F2AB
S315000149E0E20301AA230040B9E3FFE7371F0000B93C
S315000149F00014A652200000B9400040B9E0FFE73795
S31500014A00B8FEFF17000100B4227C185302000039DA
S31500014A10227C105302040039227C08530208003913
S31500014A20010C0039C0035FD6400000F000602991F7
S31500014A30010840B94000009000041C915E13001467
S31500014A40001280D20038A2F2000040B9001C001208
S31500014A501F400071C0020054880100541F100071EC
S31500014A6060020054A80000541F08007140018052E2
S31500014A70E083801AE31600141F2000714001805262
S31500014A8000009F1AFCFFFF171F000171400100542F
S31500014A90680000541F800071F9FFFF171F000271A3
S31500014AA0E00000541FFC0371F5FFFF17400180521F
S31500014AB0F1FFFF1780028052EFFFFF17C0038052FC
S31500014AC0EDFFFF17FD7BBEA9400000F000602991B4
S31500014AD0FD030091F35301A9010F80D20138A2F21F
S31500014AE01F8C00B91F9000B91F9400B91FA000B90F
S31500014AF01F9C00B91F9800B9200040B940017036CB
S31500014B00F30301AA147D805200E28452610240B986
S31500014B10A100703600040071840A407ACC02005468
S31500014B2060FFFF35007080D20038A2F2F35341A92D
S31500014B30010040B921781F12010000B9010040B9F6
S31500014B4021000032010000B9000E80D2010F80D28F
S31500014B500038A2F20138A2F21F0000B9000081520A
S31500014B60200000B93F0800B9201000B9FD7BC2A89A
S31500014B70C0035FD6007D8052A216009494060051B0
S31500014B8000E28452E2FFFF17FD7BB9A9FD03009104
S31500014B90F35301A9F55B02A9F76303A9F96B04A90C
S31500014BA0FB7305A9E06B00B9A10100B53C01805278
S31500014BB021018052A00180524F050094E0031C2A76
S31500014BC0F35341A9F55B42A9F76343A9F96B44A9DC
S31500014BD0FB7345A9FD7BC7A8C0035FD6530000F050
S31500014BE073622991626E40B95F040071C00000547E
S31500014BF0E1018052A0018052FC0180523E050094E1
S31500014C00EFFFFF1760A240B91F040071C1000054F5
S31500014C1001008052A00180521C008052360500948A
S31500014C20E7FFFF17771E40B9380000F0161080D253
S31500014C30141180D21B0E80D2FA0E1812FC03022A1E
S31500014C4018231491F70A1412F50301AA19008052C8
S31500014C50010080521638A2F21438A2F21B38A2F2D1
S31500014C60609E40B91F040071600000543F2C007122
S31500014C70C1010054609E40B91F040071E123005434
S31500014C80609640B91F040071410000547F9600B937
S31500014C904000009000E81C91DC028052C61200948C
S31500014CA089FFFF97C6FFFF17E16F00B94301009423
S31500014CB060A240B9E16F40B91F04007120FDFF54A5
S31500014CC03F28007128060054005B617862000010DD
S31500014CD040A8208B00001FD6600A40B9C00070367C
S31500014CE041028052A00180525C028052020500946A
S31500014CF0B3FFFF17000F80D27F0300B90038A2F27D
S31500014D0001008152010000B920008052C00200B9A1
S31500014D10E00F9152800200B9000280D2612240B9AF
S31500014D200038A2F25F030071010000B90038A2D277
S31500014D30612A40B9010000B920008052E1079F1A9B
S31500014D40608E00B92108001160A200B9C5FFFF17E6
S31500014D50DF0200B900008152800200B9E00F9052D3
S31500014D6061C240B93F00006AA00000542FFFFF97BF
S31500014D70410180523C038052BAFFFF1760BE40B921
S31500014D80601A00362FFFFF9761018052B5FFFF17AA
S31500014D90DF0200B900008152800200B9E00F905293
S31500014DA061C240B93F00006A4001005460A640B9A3
S31500014DB01F040071C1FDFF5461C240B981FD373640
S31500014DC0F903002A41018052BC008052A5FFFF175A
S31500014DD060BE40B91C000012E0170036604E40B9B3
S31500014DE01F44007180010054000680D20038A2F2EF
S31500014DF0000040B9A00200B9601E40B9000C18724B
S31500014E00210400545F03087160060054A10080521A
S31500014E1094FFFF17000C80D2030A80D20338A2F256
S31500014E200038A2F2010040B9600040B92160801348
S31500014E30E00315AAF4FEFF97610040B9030880D28A
S31500014E400338A2F2600040B921608013A0120091DC
S31500014E50EDFEFF97610040B9030680D20338A2F246
S31500014E60600040B921608013A0220091E6FEFF9701
S31500014E70610040B9A0320091215C1853E2FEFF9710
S31500014E80DEFFFF171F000871C8010054A00240B9D8
S31500014E90013049D3618A00B9E16B40B93F00006A2C
S31500014EA020FBFF54800038364000009000841C919E
S31500014EB041120094410180529C00805269FFFF1704
S31500014EC01F00147101FAFF54A00240B9C0F97F36E0
S31500014ED0F9FFFF17E00F915281008052800200B95D
S31500014EE060FFFF1763C240B9E00F90527F00006A6E
S31500014EF0E1F3FF54600A40B91F0079F2A000805225
S31500014F002100801A57FFFF17E0FF8552FF02006B51
S31500014F10A9F3FF54C100805252FFFF17638240B9C3
S31500014F2020008052609200B960A200B9612640B9A2
S31500014F3083040035609600B9E00F91527F9A00B95B
S31500014F403F040071DF0200B9040981D2800200B971
S31500014F50010B81D2000481D20438A2F20138A2F2F7
S31500014F600038A2F2210200544300A012830000B9C6
S31500014F70230000B901068052010000B9011081D257
S31500014F80601A40F90138A2F200701D12200000B922
S31500014F90000581D2210080520038A2F2010000B939
S31500014FA0E10080522FFFFF172300A012830000B9F2
S31500014FB0230000B9010680522100A072EFFFFF17FE
S31500014FC03F04007181000054E04F9152800200B904
S31500014FD0F4FFFF17E02F9152FDFFFF1761C240B9A1
S31500014FE0E00F90523F00006A800000548FFEFF9749
S31500014FF02101805260FFFF17609A40B91F040071BA
S3150001500000070054609640B91F0400710007005460
S3150001501080008052C00200B9E00F9152800200B9AF
S31500015020010180522000805260A200B90DFFFF17D6
S31500015030608240B920010035006C80D201028252A3
S315000150400038A2F2010000B9000480D20038A2F2B1
S315000150501F0000B97F9600B9010F80D2DF0200B9A7
S31500015060000081520138A2F2800200B97F0300B923
S31500015070200000B960BE40B960E81737410180528F
S31500015080F8FEFF17608240B920010035006C80D21E
S31500015090010282520038A2F2010000B9000480D256
S315000150A00038A2F21F0000B97F9600B979000034DA
S315000150B07F8E00B9C2FEFF1783FEFF97E1031C2A0C
S315000150C0A00180520C040094BDFEFF175C018052C2
S315000150D0EBFFFF1741018052FC03012AE1FEFF1796
S315000150E0210180527C008052DEFEFF171C00805297
S315000150F021018052DBFEFF177F8E00B93C008052F2
S315000151007F9200B9AEFEFF17001C0012410000D0CD
S315000151101F0400712160299181000054206800B9A3
S3150001512020008052C0035FD63F6800B93F3C00F9BA
S31500015130FCFFFF17410000D021602991000080D2B9
S315000151401F682138000400911FC00CF1A1FFFF5414
S31500015150000E80D2020F80D20038A2F20238A2F2EB
S315000151603F4000B93F6400B91F0000B900008152F9
S31500015170400000B95F0800B9401000B9007280D242
S315000151800038A2F2C21D98521F0000B9001480D245
S315000151900038A2F2020000B9001280D20038A2F251
S315000151A0020880521F0000B920008052207000B909
S315000151B022FC1629C0035FD6FD7BBEA9010E80D253
S315000151C00138A2F2FD030091200040B9061080D2F9
S315000151D0F30B00F9530000D0736229910638A2F24D
S315000151E0051180D2070981D20538A2F20738A2F249
S315000151F0600600B9000F80D20038A2F2020040B961
S31500015200620A00B9620640B9C30040B94200030A06
S3150001521062BE00B9620A40B9A30040B94200030A5E
S3150001522062C200B9021680D2030881D20238A2F204
S315000152300338A2F2420040B9620E00B9021780D2C9
S315000152400238A2F2420040B9621200B9620040B9C6
S31500015250621600B9020A81D20238A2F2440040B9AC
S31500015260641A00B9641640B9E70040B98400070A18
S31500015270070B81D20738A2F264C600B9641A40B995
S31500015280E70040B98400070A64CA00B9E40F9052E6
S3150001529067C240B9FF00046A60010054DF0000B92B
S315000152A002008152A20000B93F0000B9020000B914
S315000152B07FA200B900008052F30B40F9FD7BC2A822
S315000152C0C0035FD664C240B99F041872A009005496
S315000152D061C240B9C1054836010040B921781612AC
S315000152E0641A40F9010000B9440800B4619240B95A
S315000152F03F04007121080054604A40B9E0070034B8
S31500015300672640B9061880D2030F80D2027C035368
S315000153100638A2F2000080D20338A2F2E80F9052BA
S31500015320E503002A5F00006B88030054601A40F908
S315000153303F04007100002091601A00F9604A40B9EB
S3150001534000000851604A00B98008005400008052EC
S3150001535069030094001080D2011180D20038A2F2B4
S315000153600138A2F21F0000B900008152200000B9E5
S31500015370010E80D20138A2F23F0000B9200800B91F
S3150001538020008052609E00B9CAFFFF17010040B994
S3150001539021781712D3FFFF17FF040071A1000054F3
S315000153A0857860F8C50000F900040091DDFFFF175C
S315000153B0BF1440F2E1000054C5000034650040B955
S315000153C0E5004036650040B9A5781712650000B9B9
S315000153D0C50040F9857820F8F4FFFF17650040B94C
S315000153E0BF00086AC0FEFF5481018052D0FFFF173B
S315000153F021018052CEFFFF17E1018052CCFFFF173A
S3150001540064C640B9640180367F0000B95F0000B907
S31500015410010040B921781612010000B960CA40B9ED
S31500015420A001803620008052609A00B9A1FFFF17C3
S3150001543064C640B96401A0367F0000B95F0000B9B7
S31500015440010040B921781712010000B960CA40B9BC
S31500015450A0FE8F377F9600B97F9200B995FFFF179F
S3150001546060BE40B9A0000036200040B900781F1286
S31500015470200000B98FFFFF1760BE40B9C0F1173693
S31500015480200040B900781D12FAFFFF171F80007136
S31500015490C0020054480100541F200071A0020054AC
S315000154A01F400071A00200541F100071001A8052A3
S315000154B0011C80520000811AC0035FD61F000271D1
S315000154C0C0FFFF54880000541F0001710012805272
S315000154D0F8FFFF171F000471400100541F000871F7
S315000154E0000E8052F3FFFF1700148052F3FFFF17DF
S315000154F000188052F1FFFF1700168052EFFFFF17C9
S31500015500000E8052EDFFFF17010F80D20138A2F283
S31500015510210040B921017036FD7BBFA941028052AD
S3150001552080018052FD030091F30200940000805235
S31500015530FD7BC1A8C0035FD6001C0012031280D2F6
S31500015540420000D01F0400710338A2F24260299183
S31500015550E1000054610040B92124001221001832F3
S31500015560610000B9406C00B9C0035FD6600040B964
S31500015570E15F80520000010A600000B920008052FC
S315000155805F6C00B9C0035FD6FD7BBEA9E103002AAB
S31500015590C0409452FD030091F30B00F9530000D073
S315000155A073622991E402009400109C52E0B7BF7225
S315000155B0616A40F975FDFF971F04007101030054EC
S315000155C02100A052A0218452DB020094616A40F9B5
S315000155D000109C52E0B7BF726CFDFF971F0400716B
S315000155E0E1010054E503002A040080520340805281
S315000155F00100805200219852420000D042C02D91F4
S3150001560006030094616A40F900109C52F30B40F9BD
S31500015610E0B7BF72FD7BC2A85CFDFF17F30B40F933
S31500015620FD7BC2A8C0035FD6430000D06360299109
S31500015630FD7BBFA9FD030091627840B95F0400714B
S3150001564000010054E101805200008052AA02009438
S31500015650E2018052E003022AFD7BC1A8C0035FD6A6
S315000156601F701D72C000005421018052000080523B
S31500015670A102009422018052F7FFFF17612C4739DE
S31500015680230800127F00006B60FEFF54FD7BC1A85A
S3150001569021701D122100002A6076A0520020012AE5
S315000156A0BAFFFF17FD7BBFA9FD030091E00000B51E
S315000156B080018052210180528F0200942001805284
S315000156C0FD7BC1A8C0035FD6420000D0426029918C
S315000156D0E10300AA407040B91F0400718100005423
S315000156E0406840B91F040071C00000548001805217
S315000156F0E101805280020094E0018052F1FFFF1720
S31500015700406C40B91F040071A1000054230040B948
S31500015710446040B99F00036B40FDFF54000F80D2E7
S315000157200038A2F2000040B9C000703680018052F4
S31500015730410280527002009400008052E1FFFF177F
S31500015740001280D2210040B90038A2F23F800071D8
S31500015750000040B9005C181200050054880200548C
S315000157603F10007120040054680100543F04007189
S3150001577080030054031280D20338A2F2600000B9FC
S3150001578020008052416000B95F6C00B9FD7BC1A861
S315000157905EFFFF173F200071C00200543F400071B9
S315000157A0A1FEFF5400001E32F3FFFF173F000271F6
S315000157B080020054A80000543F000171C1FDFF544E
S315000157C000001C32ECFFFF173F000471E00100549A
S315000157D03F00087101FDFF5400001932E6FFFF1773
S315000157E0001C0032E4FFFF1700000032E2FFFF1742
S315000157F000001F32E0FFFF1700001D32DEFFFF171A
S3150001580000001B32DCFFFF1700001A32DAFFFF1718
S31500015810FD7BB4A9FD030091F35301A9530000D008
S3150001582073622991F55B02A9607240B9F76303A916
S315000158301F040071F92300F901010054606A40B99F
S315000158401F040071A1000054000F80D20038A2F29B
S31500015850010040B981017036F5018052E1018052A3
S315000158606000805224020094E003152AF35341A9F3
S31500015870F55B42A9F76343A9F92340F9FD7BCCA85F
S31500015880C0035FD617408052F75F00B9000040B9E8
S315000158901500121240017036F5018052E101805265
S315000158A08000805214020094800080521C020094F1
S315000158B00000805215FFFF97ECFFFF170001805291
S315000158C0605A00B9E07301917F6200B976FFFF97D4
S315000158D0F603002A1F0400718000005480008052E4
S315000158E00F020094F1FFFF17141480D2007D80523D
S315000158F01438A2F243130094C01D8C52E303172AF5
S31500015900800200B9E503162A040080520100805284
S3150001591000219852570000D0E2C22D913F02009417
S31500015920616A40F900109C52E0B7BF7276A600B9D1
S3150001593096FCFF977FA600B91F040071E101005490
S31500015940602E47390008001260AE00B9C01D98529A
S31500015950800200B9000080523D020094F403002A3F
S315000159601F040071C001005480008052F503142AFF
S31500015970EB010094CDFFFF171F1400716100005465
S3150001598076AE00B9F2FFFF17E103002A200280522A
S31500015990D9010094F30F009420F2FF9718109C523E
S315000159A0001980529625805216130094F8B7BF72DB
S315000159B001109052E11FA87220809252DE010094DC
S315000159C0616A40F9E003182A70FCFF97F403002A84
S315000159D01F040071A1FCFF5460DE40B9601FF83757
S315000159E0007D805207130094D6060071A1FEFF5474
S315000159F0010280528000805215028052BE0100943D
S31500015A00AAFFFF170100805280008052BA0100945C
S31500015A10A6FFFF172100A052E0208452C601009480
S31500015A20616A40F900109C52E0B7BF7257FCFF97BC
S31500015A30F403002A1F04007181F9FF5400E284D2A5
S31500015A40F903029100D4D0F2020880D22000E0F2DC
S31500015A50E03300F9004888D2210000D0E001A0F22D
S31500015A602180149100D0D2F2FF7F07A90013E0F242
S31500015A70E03700F9E00319AA747E00B90B1300940C
S31500015A80020C8052E10C8052E00316AA72010094C6
S31500015A90021843D301087ED3207B62B8E2830191C9
S31500015AA0416861B8007C011BC01E0034E19F8E5223
S31500015AB02163A0721F00016B2907005480008052E8
S31500015AC0E05F00B9E05F40B9605A00B9E073019147
S31500015AD0F5FEFF971F04007121F0FF54E05F40B906
S31500015AE0161480D21638A2F269FEFF9760B600B985
S31500015AF0C10240B9216C18122100002AC10200B965
S31500015B0000228452014080528B010094616A40F95F
S31500015B1000109C52E0B7BF721CFCFF97F403002AE9
S31500015B201F04007121F2FF54001380D203408052FA
S31500015B300038A2F2E503142A04008052E2C22D9134
S31500015B40030000B90100805200219852B30100946C
S31500015B50616A40F900109C52E0B7BF720BFCFF97D7
S31500015B60F403002A1F04007101F0FF54602E473927
S31500015B70001443D360AA00B9607E40B91F040071C6
S31500015B80C0010054F5018052E1018052A00080520B
S31500015B9059010094A000805245FFFF17E19F8552ED
S31500015BA02126A0721F00016B010180520040805224
S31500015BB00090811AC3FFFF176072473901018052B5
S31500015BC01F007FF2800080520010811A012080524E
S31500015BD02177A072E08300B9C04094525601009427
S31500015BE0616A40F900109C52E0B7BF72E7FBFF976C
S31500015BF0F803002A1F040071A0000054A00080527F
S31500015C00F503182A46010094E3FFFF17E08340B924
S31500015C10605A00B9E00319AA78B200B9A2FEFF974B
S31500015C201F04007180000054A00080523C010094C2
S31500015C30D9FFFF17E08340B9F40316AA14FEFF97B4
S31500015C4060B600B9C10240B9216C18122100002AC0
S31500015C50C10200B9A02184522100A052360100944C
S31500015C60616A40F900109C52E0A7BF72C7FBFF971B
S31500015C70F803002A1F04007121FCFF54757E40B908
S31500015C80BF06007160010054F6018052E1018052A5
S31500015C90C000805218010094C00080522001009477
S31500015CA000008052F503162A18FEFF97EFFEFF1734
S31500015CB04000805201408052E176A072604200B9F4
S31500015CC0C04094521C010094616A40F900109C5234
S31500015CD0E0B7BF72ADFBFF97F603002A1F04007100
S31500015CE0600100547F4200B9E103162AC0008052C8
S31500015CF001010094200000F000A01D91AE0E009459
S31500015D00DF06007140050054E4FFFF17604240B909
S31500015D101F04007120050054000100341F080071A2
S31500015D2041FEFF54800240B9010094120000010AAD
S31500015D300000133205000014800240B901009412DC
S31500015D400000010A00001132800200B92100A052B0
S31500015D50A0218452F8000094616A40F900109C5217
S31500015D60E0B7BF7289FBFF97F603002A1F04007193
S31500015D70C1FBFF54E503002A040080520340805210
S31500015D80E2C22D9101008052002198522301009414
S31500015D90616A40F900109C52E0B7BF727BFBFF9726
S31500015DA0F603002A1F04007101FAFF5420008052F5
S31500015DB0607A00B9ADFEFF17800240B90100941266
S31500015DC00000010AE1FFFF17000403120100A852B7
S31500015DD01F00016B81E1FF54010080524060925225
S31500015DE0747600B9D400009400109C52410000D092
S31500015DF0E0B7BF7221802D91616A00F963FBFF97BD
S31500015E00F403002A1F04007101DBFF542100A05294
S31500015E1060209452C8000094616A40F900109C52B7
S31500015E20E0B7BF7259FBFF97F403002A1F04007104
S31500015E30C1D9FF542100A05220618452BE000094B2
S31500015E40560000D000109C52D6422D91E10316AAAD
S31500015E50E0B7BF72766A00F94CFBFF97F403002A9C
S31500015E601F04007121D8FF54420F8052A10F8052A6
S31500015E70E00316AA780000941F0C0071C8DCFF54D9
S31500015E802102805280008052350280529A0000948D
S31500015E9086FEFF17FD7BB9A9FD030091F35301A906
S31500015EA0F55B02A9F76303A9F96B04A9FB7305A9BD
S31500015EB0A201003521018052C00180528E0000945A
S31500015EC022018052E003022AF35341A9F55B42A95C
S31500015ED0F76343A9F96B44A9FB7345A9FD7BC7A8E1
S31500015EE0C0035FD6530000D073622991F60300AA5E
S31500015EF0607A40B91F040071C0000054E10180526C
S31500015F00C00180527C000094E2018052EEFFFF172F
S31500015F10F503232A18109C52B50200121B0480D2E5
S31500015F201C6C80D2F703012AF403022AA01E001278
S31500015F30F9FF9F52F8B7BF721B38A2F21C38A2F2C2
S31500015F40E06B00B99F02196BE02294529A92991A5A
S31500015F50E1031A2A78000094616A40F9E003182ADD
S31500015F600AFBFF97E203002A1F040071C1FAFF54DE
S31500015F70000580D2E20316AA0038A2F2E503152A2B
S31500015F8004008052435B17531A0000B90020805267
S31500015F90600300B940028252800300B9E103172A67
S31500015FA0402288529D000094616A40F9E003182A54
S31500015FB0F6FAFF97E203002A1F04007141F8FF5425
S31500015FC02100A052A02184525B000094616A40F92D
S31500015FD0E003182AEDFAFF97E203002A1F04007175
S31500015FE021F7FF54E06B40B9C0000034417F77D3FD
S31500015FF0E00316AAE26F00B994F0FF97E26F40B989
S3150001600060DA40B9C000403741028052C001805277
S315000160103900009442028052ABFFFF17608A40B9F3
S315000160201F100071C000005461028052C0018052ED
S315000160303100009462028052A3FFFF17406377D3B9
S31500016040F7021A0BD602008B94021A6BC1F7FF54A2
S315000160509DFFFF17257C0353E6018052C300054BC4
S31500016060447C0353BF00046B03686338000100548A
S31500016070C600044B040280528400054B9F00066B48
S3150001608081010054006864380320032A4008001285
S315000160902100024B210400116324C01A2000805202
S315000160A00120C11A200400510000030AC0035FD673
S315000160B0280280520801054B046864381F01066BEB
S315000160C007486838A1000054845C18538340032AAA
S315000160D0E300032AEEFFFF1746028052C500054B77
S315000160E0843C10538360032A006865380720072A19
S315000160F0F8FFFF17420000B043602991003C0012EF
S3150001610040B01479E203012A61040079E103002A0F
S31500016110200000D000201E91A70D0014013C0012A2
S31500016120400000B001B01479200000D000BC1E91DF
S31500016130A10D0014420000B042602991031440925F
S3150001614040840329210000B0218015915F2400B904
S315000161505F7C03A9000C18121F000C71217863B82B
S31500016160C300C0D2412800B95F4400B9432400F9F5
S3150001617060030054680100541F000471800200543A
S315000161801F0008710002005420040035400000B0D1
S3150001619000C035915F4C00B9406800F9C0035FD675
S315000161A01F001471800200541F001871A0020054D0
S315000161B01F001071C1020054400000B000D02C91A4
S315000161C00500001421001632412800B9400000B034
S315000161D000C02C91406800F9F1FFFF17400000B0A4
S315000161E000C03591406800F920028052404C00B948
S315000161F0EBFFFF17400000B000E02C91F6FFFF1700
S31500016200400000B000F02C91F3FFFF17400000B0F2
S3150001621000C03591F0FFFF17E70302AAE603032A40
S31500016220FD7BBFA9FD030091C3FFFF97400000B0AE
S3150001623000602991042400B9071C03A906980829BE
S31500016240058000B9FD7BC1A8C0035FD6FD7BBEA951
S31500016250440000B084602991FD0300910101805240
S315000162609F9000B99F8C00B99F9400B99F3C00F99B
S315000162709F9800B9815800B9E103002A9F9C00B993
S31500016280000080529F4000B99F8800B99FA000B9C5
S31500016290A9FFFF97816840F900109C52E0B7BF72D1
S315000162A03AFAFF971F040071A10000540040805282
S315000162B0E01F00B9E0730091FBFCFF97FD7BC2A8CC
S315000162C0C0035FD640008052C0035FD63F04007111
S315000162D0A1000054000440F9020800F900008052B0
S315000162E0C0035FD600108012FEFFFF17200000904A
S315000162F000403991200000F900008052C0035FD6AA
S3150001630000008052C0035FD6FD7BBEA9020480D285
S3150001631001008052FD030091F30B00F9F30300AA7B
S31500016320400000B000203691F51000947F0600F978
S3150001633000008052F30B40F9FD7BC2A8C0035FD673
S31500016340FFC309D1E50302AAFD7B00A9FD03009164
S31500016350F96B04A9590400D11A0440F9E33700F98D
S31500016360F55B02A9F50302AAF60301AA430740F960
S31500016370FB7305A9421B40B9400B40F9F76303A91A
S315000163806300008B200000D03903038B00BC1F91F2
S315000163907BFC49D3F35301A939FF49D33C031B4B7A
S315000163A0E4031B2A98070011E603182A020D00943C
S315000163B0538740A97302010B73220072200800540F
S315000163C0024080D201008052E0C30191CC100094BA
S315000163D00300805222008052E1031B2AE0C301918F
S315000163E0ADFEFF971F04007140010054001080129A
S315000163F0FD7B40A9F35341A9F55B42A9F76343A984
S31500016400F96B44A9FB7345A9FFC30991C0035FD684
S31500016410144080529402134BBF0214EB770700110C
S31500016420F8031C2AB492949AE0C30191E103132A5A
S315000164300100018BE20314AAE00316AA9B10009443
S31500016440538B40A91F0300717302020B7302150BD4
S3150001645073220012641A407A40020054024080D22C
S3150001646001008052E0C30191A510009403008052FF
S3150001647022008052E103192AE0C3019186FEFF97AB
S315000164801F04007141FBFF5418070051E203132A50
S31500016490A002168BE1C30191000002CB8310009488
S315000164A078010035E03740F9150000F9400B40F955
S315000164B01500158B00008052550B00F9CDFFFF1713
S315000164C0F7031B2A140080D2DEFFFF170300805258
S315000164D0E203182AE103172A8002168B6EFEFF9744
S315000164E01F04007100FEFF54C1FFFF17400000B0FA
S315000164F003884DB923030035FD7BBEA9FD03009139
S31500016500F35301A913203691F40302AA210040F99D
S3150001651061FE00A92100805201880DB9400000B03A
S3150001652001004BB9200000D000301F91611A00B95B
S31500016530A10C0094601A40B93CFCFF971F0400713E
S315000165400101005400008052930600F9F35341A95A
S31500016550FD7BC2A8C0035FD640108012C0035FD680
S3150001656000108012FAFFFF17FD7BBEA9FD03009103
S31500016570F30B00F9F30300AA2000009000403991C3
S315000165809EF2FF978000003521000090210038918E
S31500016590610200F9F30B40F9FD7BC2A8C0035FD687
S315000165A040008052C0035FD63F040071A100005431
S315000165B0000440F9020800F900008052C0035FD6CA
S315000165C000108012FEFFFF172000009000C03A91D4
S315000165D0200000F900008052C0035FD600008052FF
S315000165E0C0035FD6FD7BBEA9020480D201008052A2
S315000165F0FD030091F30B00F9F30300AA400000B07C
S3150001660000A036913E1000947F0600F900008052EA
S31500016610F30B40F9FD7BC2A8C0035FD6400000B072
S3150001662003A84DB9A3020035FD7BBEA9FD03009168
S31500016630F35301A913A03691F40302AA210040F9EC
S3150001664061FE00A92100805201A80DB9400000B0E9
S3150001665001004BB9200000D000A02091611A00B9B9
S31500016660550C0094930600F900008052F35341A99A
S31500016670FD7BC2A8C0035FD640108012C0035FD65F
S31500016680FFC309D1E50302AAFD7B00A9FD03009121
S31500016690F96B04A9590400D11A0440F9E33700F94A
S315000166A0F55B02A9F50302AAF60301AA430740F91D
S315000166B0FB7305A9421B40B9400B40F9F76303A9D7
S315000166C06300008B200000D03903038B00BC1F91AF
S315000166D07BFC49D3F35301A939FF49D33C031B4B37
S315000166E0E4031B2A98070011E603182A320C0094CA
S315000166F0538740A97302010B73220072A00700544D
S31500016700024080D201008052E0C30191FC0F009447
S3150001671022008052E1031B2AE0C301917507009410
S315000167204001003400108012FD7B40A9F35341A9BA
S31500016730F55B42A9F76343A9F96B44A9FB7345A924
S31500016740FFC30991C0035FD6144080529402134BD4
S31500016750BF0214EB77070011F8031C2AB492949A2E
S31500016760E0C30191E103132A0100018BE20314AA9C
S31500016770E00316AACD0F0094538B40A91F030071A5
S315000167807302020B7302150B73220012641A407A0C
S3150001679000020054024080D201008052E0C3019100
S315000167A0D70F009422008052E103192AE0C3019118
S315000167B05007009480FBFF3518070051E203132AA6
S315000167C0A002168BE1C30191000002CBB70F009422
S315000167D078010035E03740F9150000F9400B40F922
S315000167E01500158B00008052550B00F9CFFFFF17DE
S315000167F0F7031B2A140080D2E0FFFF17E203182AD1
S31500016800E103172A8002168B3A07009440FEFF34F3
S31500016810C5FFFF17FD7BBEA9FD030091F30B00F930
S31500016820F30300AA2000009000C03A91F3F1FF970C
S31500016830800000352100009021803991610200F924
S31500016840F30B40F9FD7BC2A8C0035FD6800286D256
S31500016850010880526020A2F21F0000B9010000B9B0
S315000168602000009000003B9101008052020040B9D7
S315000168705F04007181000054020440F9034040396D
S3150001688043000039021840B95F04007181000054C9
S31500016890021040F9032840B9430000B9023040B95B
S315000168A05F04007161000054028C43A9430000F9A2
S315000168B0024840B95F04007161000054020C45A909
S315000168C0430000F9026040B95F04007161000054A1
S315000168D0028C46A9430000F92104001100400291EF
S315000168E03F10007141FCFF54800286D20110805294
S315000168F06020A2F2028A82D26220A2F21F0000B9AF
S31500016900010000B9000A82D26020A2F2E1C3073277
S315000169104140C0F2010000F91F0006F9E0C3003250
S315000169202020C0F2400000F9020B82D26220A2F2BE
S31500016930410000F9018B83D26120A2F23F0000F9E8
S31500016940018B82D26120A2F2200000F9000C82D2D2
S315000169506020A2F2414080D24100A0F2010000F97C
S315000169602100A0D21F0006F9008C82D26020A2F27B
S31500016970010000F9000086D26020A2F221008052B7
S31500016980010000B9010080521F0400B9200000B0C7
S3150001699000000491020040B95F04007181000054B7
S315000169A0020440F90340403943000039021840B956
S315000169B05F04007181000054021040F9032840B9B8
S315000169C0430000B9023040B95F0400716100005410
S315000169D0028C43A9430000F9024840B95F040071E3
S315000169E061000054020C45A9430000F9026040B958
S315000169F05F04007161000054028C46A9430000F94E
S31500016A00027840B95F04007161000054020C48A984
S31500016A10430000F921040011004002913F1000716A
S31500016A20A1FBFF54C0035FD600008052C0035FD6AE
S31500016A3000008052C0035FD600008052C0035FD6BB
S31500016A401F180071A8000054210000D021242191B3
S31500016A5020486038C0035FD600108052FEFFFF1742
S31500016A6000008052C0035FD6FD7BBEA9FD030091E5
S31500016A70F35301A9F403002A130080527F02146B19
S31500016A80AB00005400008012F35341A9FD7BC2A85C
S31500016A90C0035FD6AC03009480FFFF34007D8052B3
S31500016AA073060011D70E0094F5FFFF170000805200
S31500016AB0C0035FD600008052C0035FD6000080127B
S31500016AC0C0035FD600008012C0035FD600008012AB
S31500016AD0C0035FD6420C0011030440F2427C02530C
S31500016AE0210200547F0002EB00020054240040B949
S31500016AF0047823B863040091FBFFFF17230040B914
S31500016B000010009103C01F3842040051647C0853F1
S31500016B1004D01F38647C105304E01F38637C18537B
S31500016B2003F01F38C2FEFF3500008052C0035FD656
S31500016B30400000D0014C82B9400000B000203791DE
S31500016B40007861F81F0000F1E0139F5AC0035FD679
S31500016B5000008052C0035FD602144139E2050034B9
S31500016B60017E80D2047C80D20138A2F20438A2F2DE
S31500016B7042040051210040F94204020B830040F90E
S31500016B80E103212A213C00122100030AE303212A01
S31500016B90633C4092830000F9433C00122128C31A4A
S31500016BA021030037210441D3216C1C53027F80D27B
S31500016BB0057D80D20238A2F20538A2F2420040F9E0
S31500016BC0A40040F9E203222A423C00124200040AD0
S31500016BD0E403222A843C4092A40000F94228C31A05
S31500016BE06201003621001832024C4079036380129B
S31500016BF04200030A2200022A024C0079E003012A1C
S31500016C00C0035FD601018052E9FFFF17E2FE0F368E
S31500016C1021001732F5FFFF1700008012F9FFFF1759
S31500016C20000280D2423C40920038A2F2213C4092BE
S31500016C30020000F9010400F9C0035FD6FD7BBEA97D
S31500016C40FD030091F35301A9F40300AA018440391D
S31500016C50006840B93F0400714101005400741D12DF
S31500016C60F5080094210000B021B0199121D860B82F
S31500016C70E00314AAF8080094130080520D000014D2
S31500016C80007C101300741D12EB080094F303002A14
S31500016C901F04003160010054200000B000201B9148
S31500016CA001D873B813008012E00314AAEA0800940D
S31500016CB0E003132AF35341A9FD7BC2A8C0035FD6A3
S31500016CC0806A40B9A0FD1F3681028012E00314AA32
S31500016CD0E1080094F7FFFF173F280071C81100541F
S31500016CE0220000B0425019914258617863000010A9
S31500016CF062A8228B40001FD6010780D2020680D2ED
S31500016D000138A2F20238A2F2210040F9420040F90C
S31500016D104140012AE2FE8312016800B93F00026A7E
S31500016D2040010054C6FFFF17010780D20138A2F2C5
S31500016D30210040F901400179010680D20138A2F211
S31500016D40210040F90144017901008052E003012A42
S31500016D50C0035FD6010D80D20138A2F2210040F9AD
S31500016D6001F00079010C80D20138A2F2210040F92C
S31500016D7001F40079010B80D20138A2F2210040F919
S31500016D8001F80079010A80D20138A2F2210040F906
S31500016D9001FC0079010980D20138A2F2210040F9F3
S31500016DA001000179010880D20138A2F2210040F9DF
S31500016DB001040179010780D20138A2F2210040F9CC
S31500016DC001080179010680D20138A2F2210040F9B9
S31500016DD0010C0179DDFFFF17010D80D20138A2F206
S31500016DE0210040F901100179010C80D20138A2F28B
S31500016DF0210040F901140179010B80D20138A2F278
S31500016E00210040F901180179010A80D20138A2F264
S31500016E10210040F9011C0179010980D20138A2F251
S31500016E20210040F901200179010880D20138A2F23E
S31500016E30210040F901240179010780D20138A2F22B
S31500016E40210040F901280179010680D20138A2F218
S31500016E50210040F9012C0179BCFFFF17010780D2FF
S31500016E600138A2F2210040F901D80079010680D249
S31500016E700138A2F2210040F901DC0079B3FFFF17C6
S31500016E80010780D20138A2F2210040F901E0007920
S31500016E90010680D20138A2F2210040F901E400790D
S31500016EA0AAFFFF17010780D20138A2F2210040F99B
S31500016EB001380179010680D20138A2F2210040F998
S31500016EC0013C0179A1FFFF17010780D2020680D29A
S31500016ED00138A2F20238A2F2210040F9420040F93B
S31500016EE04140012A02609952016800B98CFFFF17DF
S31500016EF0010780D20138A2F2210040F901E80079A8
S31500016F00010680D20138A2F2210040F901EC007994
S31500016F108EFFFF17410C8012013800B90100801263
S31500016F201F6800B98AFFFF17048440399F4000712A
S31500016F306005005401104179211C46D3021841799C
S31500016F4001540039210000D021D81691432848D395
S31500016F5045384BD321786378230000D063402191D3
S31500016F6063686538217C031BE37082523F00036B23
S31500016F70AD030054C100805201580039421C1C5314
S31500016F80011C41794230412A012C417902300079B4
S31500016F90221C001243001A12217C03530368003994
S31500016FA021041F12038840392100032A0188003970
S31500016FB0610E80124100010A016C0039A1033836C5
S31500016FC0FD7BBFA961068012FD0300912208009492
S31500016FD000008012FD7BC1A8C0035FD6010080526C
S31500016FE0D7FFFF173F0C27716D000054A100805297
S31500016FF0E2FFFF173F3C1F71690000548100805278
S31500017000DEFFFF173F9C0F7169000054610080523B
S31500017010DAFFFF173FCC0771690000544100805227
S31500017020D6FFFF173F8C0171E1979F1AD3FFFF1718
S3150001703002244179012841792401283642141F533B
S31500017040433C412A213848D3210400116104011B24
S31500017050011000B900008052C0035FD6431842D325
S3150001706042041D534134412AF8FFFF17FD7BBEA997
S31500017070FD030091F30B00F9F30300AA00504079D8
S31500017080005C1112EC0700941F0400310101005449
S3150001709001008052E00313AAEF070094000080521A
S315000170A0F30B40F9FD7BC2A8C0035FD66000003533
S315000170B0A10A8012F8FFFF17002400512100009059
S315000170C021B01A9121D860B8F3FFFF17FD7BBDA946
S315000170D0FD030091F35301A9F30300AAF51300F987
S315000170E0353C00121F3800B9BF9A00716004005484
S315000170F0BFBA017160040054BF1E00712004005420
S31500017100BF320071E0030054BFAE1471A0030054F6
S31500017110A0858352BF02006B940C8052007D805281
S315000171209412801A0200805221008052E00313AAB1
S315000171308F0100940038A2D2150000B9E003142A89
S315000171404AFEFF972002003401018012E00313AAD0
S31500017150C1070094E2FF8F1221008052E00313AAB7
S315000171609F010094603A40B9F35341A9F51340F9E0
S31500017170FD7BC3A8C0035FD614E28452EAFFFF1762
S31500017180147D8052E8FFFF17E2FF8F122100805223
S31500017190E00313AA92010094020F80D20238A2F2F0
S315000171A0400040F9005C1112003C0012E103202A64
S315000171B0213C4092410000F9615240790000012AC8
S315000171C060520079E00313AAA9FFFF97604E407948
S315000171D080000037E10A8012E00313AA9E0700949B
S315000171E002F08F1221008052E00313AA9A01009443
S315000171F0DDFFFF17FD7BBCA9FD030091F76303A922
S31500017200170280D21738A2F2F55B02A9160380D2C3
S31500017210383C00121638A2F201384179F35301A91C
S31500017220753C0012213C4092FF0200F9F30300AACB
S31500017230C10200F9543C0012E1068052A4FFFF97F7
S31500017240E000003400008012F35341A9F55B42A926
S31500017250F76343A9FD7BC4A8C0035FD62100805212
S31500017260E00313AA9DFEFF97E0FEFF35B53E40926F
S31500017270F50200F9943E4092D40200F9E103182A7E
S31500017280E00313AA92FFFF971F000071E0039F5AC4
S31500017290EEFFFF17FD7BBEA9843C4092633C409202
S315000172A0FD030091F35301A9F403022A020280D2DD
S315000172B00238A2F2F30300AA440000F9430400F9DC
S315000172C083FFFF97C0000035E103142AE00313AAE8
S315000172D0F35341A9FD7BC2A880FEFF17F35341A9D1
S315000172E0FD7BC2A8C0035FD6FD7BBBA9FD03009150
S315000172F0F35301A9F30300AA14008052F55B02A916
S31500017300F503012A16198052F76303A9170280D2E1
S31500017310180380D2F92300F9398000511738A2F2F7
S315000173201838A2F2BF420071000900542C01005422
S3150001733015040034BF06007180060054400C80120B
S31500017340603A00B9000080127F6A00B92900001472
S315000173503F07007148FFFF54600E41391F0002715B
S3150001736081000054603640B900000232603600B92F
S31500017370623640B9210D8052E00313AAE303022AC3
S31500017380427C10539CFFFF97A0070034613A40B935
S315000173903F100031E1070054940600119F0E007161
S315000173A080020054D6060071E1FBFF54110000145F
S315000173B0000280D2A1E088520038A2F21F0000F933
S315000173C01F0400F9E00313AA41FFFF9720010035CE
S315000173D0010780D20138A2F2210040F961E2007969
S315000173E0010680D20138A2F2210040F961E6007956
S315000173F0F35341A9F55B42A9F76343A9F92340F980
S31500017400FD7BC5A8C0035FD6603640B9013C4092FA
S31500017410E10200F9007C1053000300F9A1E0885253
S31500017420E00313AA2AFFFF9720FBFF3501018052D3
S31500017430E00313AA29FEFF9760E2C0798001F836BE
S3150001744000008052EBFFFF17603640B9013C4092C5
S31500017450E10200F9007C1053000300F9210080527B
S31500017460E00313AA1AFFFF97C8FFFF17A000805277
S315000174707EFDFF9700008012C5FFFF17C1008052F5
S31500017480E00313AA15FEFF9760DAC079ECFFFF1738
S3150001749014008052C4FFFF17FD7BBEA9433C4092F6
S315000174A0427C1053FD030091F30B00F9F30300AA8C
S315000174B0000280D2213C00120038A2F2030000F93A
S315000174C0020400F90038A2D2010000B9800C8052F2
S315000174D066FDFF970001003401018012E00313AA43
S315000174E0DD060094603A40B9F30B40F9FD7BC2A872
S315000174F0C0035FD6020F80D20238A2F2400040F9E3
S31500017500005C1112003C0012E103202A213C40924A
S31500017510410000F9615240790000012A6052007968
S31500017520E00313AAD2FEFF97604E40796001003650
S31500017530603A40B98000003521008052E00313AA69
S31500017540E6FDFF9702F08F1221008052E00313AA95
S31500017550C1000094E4FFFF17E10A8012E00313AAB9
S31500017560BD060094F8FFFF17FD7BBCA9FD03009142
S31500017570F35301A9F55B02A9F76303A9580000902B
S31500017580A10700B4360440F2610700545F0400719C
S3150001759028070054F503022AF30301AAF70300AAF8
S315000175A022FDFF97F403002AC006003540FDFF9730
S315000175B013E706F97F6A3638D6060091DFC208F16D
S315000175C0A1FFFF5400208052608E0079400000B078
S315000175D0770200F975120139A16380D21F4C02B9F5
S315000175E0001080D20038A2F27F16013942FF9FD2E5
S315000175F0010000F9E16F90D2010400F9E10098D28F
S31500017600013000F9001A80D20038A2F2010E80D2B0
S315000176100138A2F21F0000F9200040F90000028A99
S31500017620200000F9000F80D2210080D20038A2F29A
S315000176301F0000F91F3000F91F8401F9018401F9C7
S31500017640212080D2018C01F9001480D20038A2F2E7
S31500017650C11580D2010000F917FDFF97E003142A36
S31500017660F35341A9F55B42A9F76343A9FD7BC4A87E
S31500017670C0035FD6140080121FE706F9F8FFFF1753
S31500017680B4038012FDFFFF17231C00120528039186
S315000176906400001204FC003964001F120400013961
S315000176A064041C120404013964001A120408013925
S315000176B064601912040C013904E002911F0C00B92F
S315000176C01F7800391F8400391F88003902FC0629FA
S315000176D01F7800791F3400F91FFC07A91FFC08A9B0
S315000176E01F3001791F9C00B91F7C0AA91FB000B980
S315000176F01F6801799F2400789F0005EBC1FFFF54A5
S315000177001F7400B9C3012036047003910550059119
S315000177101F8C00391F9000391F7000B9030080D2F9
S315000177209F682338630400917F5000F1A1FFFF5445
S31500017730845000919F0005EB21FFFF54410138362B
S315000177405F20117241158052433580522100831A00
S3150001775001EC00795F0C18726000005421001732A9
S3150001776001EC007900008052C0035FD6FD7BBDA904
S31500017770FD030091F35301A9F30300AA543C00123F
S31500017780F51300F9353C0012C9FCFF9760564079A4
S315000177900100152A605A407961560079E103212AD0
S315000177A00200142A001080D20038A2F2625A00792F
S315000177B0E203222A213C4092423C4092010000F918
S315000177C0020400F9BCFCFF9700008052F35341A963
S315000177D0F51340F9FD7BC3A8C0035FD6FD7BBDA9A8
S315000177E0FD030091F51300F9F50300AAF35301A96E
S315000177F0343C0012533C0012ADFCFF97A156407970
S31500017800001080D2A25A40790038A2F22100340A2F
S315000178104200330A213C0012423C0012A156007973
S31500017820E103212AA25A0079E203222A213C40924D
S31500017830423C4092010000F9020400F99EFCFF97C8
S3150001784000008052F35341A9F51340F9FD7BC3A80B
S31500017850C0035FD6FD7BBDA9FD030091F35301A9CA
S31500017860F30300AA543C0012F51300F9353C00124B
S315000178708FFCFF97614E4079625240793500350A97
S31500017880754E00795400340A745200798AFCFF97C8
S3150001789000008052F35341A9F51340F9FD7BC3A8BB
S315000178A0C0035FD6040E80D2FD7BBEA90438A2F2C6
S315000178B0FD030091030F80D2820040F90338A2F242
S315000178C0F35301A913544079145840797302020AFB
S315000178D0620040F9733E00129402020AE203332A5F
S315000178E0943E0012423C4092820000F9E203342A9F
S315000178F0423C4092620000F9024C40790114413940
S315000179006202022A024C0079025040798202022A5E
S31500017910025000794101003490FCFF97003C0012AF
S315000179207302142A1300132A7F020071E0139F5A6F
S31500017930F35341A9FD7BC2A8C0035FD60000805264
S31500017940F8FFFF17400000B0014C82B940000090DB
S3150001795000203791007861F8400100B401FC4039FC
S31500017960E1000034014C40790101003500504079B5
S315000179701F000071E0139F5AC0035FD6CAFFFF17AD
S3150001798000008012FDFFFF1700008052FBFFFF176A
S31500017990FD7BBEA94100009002008052FD030091CB
S315000179A0214037910038A2D2F0FEFF97E000003463
S315000179B0200000B0008021917F0700940000801212
S315000179C0FD7BC2A8C0035FD6400000B001408052D3
S315000179D000400991E705009480000034200000B0C2
S315000179E000EC2191F5FFFF1752FCFF978000003450
S315000179F0200000B000702291F0FFFF170102A05293
S31500017A00001080524402009480000034200000B02F
S31500017A1000F82291E9FFFF17E2670091E163009107
S31500017A20E06B0091FF630039FF670039FF3700798A
S31500017A308E05009480000034200000B00068239178
S31500017A40DEFFFF17E03740794000283760FF7F36B9
S31500017A50E0730091FF1F00B99902009420FBFF34E7
S31500017A60200000B000E42391D4FFFF17FD7BBEA9DF
S31500017A70FD030091F35301A9F30300AA7400805298
S31500017A8001008052E00313AA91FDFF97C00D003457
S31500017A909406007161FFFF5400008012F35341A95F
S31500017AA0FD7BC2A8C0035FD660DA41391FA8027107
S31500017AB060010054E00880127600001474008052C0
S31500017AC001008052E00313AA81FDFF976000003494
S31500017AD09406007161FFFF547F3A00B9618640390F
S31500017AE0E00313AA01FEFF97613A40B93F2C00312A
S31500017AF040FDFF547F3A00B9800100347400805282
S31500017B0001008052E00313AA71FDFF97800800343B
S31500017B109406007161FFFF54E0FFFF1700028052D7
S31500017B20608600397F3A00B9040080520300805212
S31500017B308200805241008052E00313AAD6FDFF97CE
S31500017B40C0FAFF3560864039210480523F00006A41
S31500017B5020030054740080520400805203008052B6
S31500017B60E200805261008052E00313AACAFDFF972A
S31500017B7040F9FF35603A4179600100346086403949
S31500017B8080000036608E403900001E32608E00395A
S31500017B90608640391F0400712102005400008052A2
S31500017BA0BFFFFF179406007181FDFF54C1018012CA
S31500017BB022000014631641390400805222008052CB
S31500017BC06100805263040011633A0179E00313AA4C
S31500017BD0B1FDFF97E0FDFF34B0FFFF17633A41792E
S31500017BE004008052A200805221018052E00313AAB0
S31500017BF0A9FDFF9720F5FF35618640397F3201796E
S31500017C003F041C72C0FCFF54611E417981FC27367A
S31500017C108180805261320179A1FFFF177F3A00B955
S31500017C2001028052E00313AAB0FDFF9780F7FF34EB
S31500017C30010280127F860039E00313AA060500942B
S31500017C4096FFFF17608640397F3A00B900001B3264
S31500017C5060860039600E41397F2E02B91F0002711C
S31500017C60E1F3FF5464EE40794201805263EA4079C0
S31500017C7001818052E00313AA87FDFF9700F2FF35C9
S31500017C8060EA40791F0C147200F1FF54A0088012BB
S31500017C90603A00B981FFFF17FD7BBDA9633C001265
S31500017CA0FD030091F35301A9343C0012413C00123B
S31500017CB0020480D2F55B02A90238A2F2B53C001299
S31500017CC0F60304AA5F0000F9A43E4092443C00F981
S31500017CD0F30300AA74043036E203012AE103142AED
S31500017CE045FDFF974003003521008052E00313AAAA
S31500017CF0FAFBFF9740040034000480D2210080D2B1
S31500017D000038A2F202F08F1214008012010000F96D
S31500017D1081008052E00313AACFFEFF9781008052B3
S31500017D2002D08F12E00313AAADFEFF97010E80D297
S31500017D300138A2F2200040F9003C001200781D1221
S31500017D40003C4092200000F93B000014603A40B923
S31500017D50001C00111F04007189FCFF54E7FFFF1787
S31500017D60E203032AAFFBFF97E103142AE00313AAF8
S31500017D70D7FCFF97A0FBFF34E0FFFF1702D08F125D
S31500017D8081008052E00313AA79FEFF97007D80529D
S31500017D9036FBFF97A000003401018012E00313AA0D
S31500017DA0AD040094D5FFFF1761524079E00F905260
S31500017DB03F00006A80000054E00313AAACFCFF9761
S31500017DC0CEFFFF170220805201008052E00313AA62
S31500017DD0A1FEFF97610240F9E203152AE00316AA04
S31500017DE0210003913CFBFF9760000034A103801240
S31500017DF0EBFFFF17007D80521CFBFF97F403002A5F
S31500017E00C0FCFF3561524079E00F90523F00006A95
S31500017E1041FDFF5402F08F1281008052E00313AA44
S31500017E208DFEFF9702D08F1281008052E00313AAC4
S31500017E306BFEFF97E003142AF35341A9F55B42A9B0
S31500017E40FD7BC3A8C0035FD6FD7BBDA9E303022A60
S31500017E5005088052FD030091F35301A9540000B0B7
S31500017E6094421191F51300F9353C0012F30300AA6F
S31500017E70E40314AAE203152AC180835287FFFF9700
S31500017E80C002003563E20291010080D2826A617804
S31500017E90447C08538220022A6268217821080091D5
S31500017EA03F4800F141FFFF5415017837638A417954
S31500017EB0617A40397F007FF222781B1221001C3241
S31500017EC02110821A617A0039F35341A9F51340F959
S31500017ED0FD7BC3A8C0035FD600008012FBFFFF171E
S31500017EE0FD7BBEA9E21F8012E11F8052FD030091B6
S31500017EF0F30B00F9F30300AAD4FFFF97A0020035A4
S31500017F00617A403901022036C21F801201E08F12C8
S31500017F10E00313AACDFFFF97C00100356186403902
S31500017F203F800071C1000054C1008052615A00397E
S31500017F30617A403921000032617A0039410B805261
S31500017F4061360239F30B40F9FD7BC2A8C0035FD647
S31500017F50603A40B9FCFFFF17FD7BBEA905088052B8
S31500017F6003008052FD030091F35301A9540000B0B0
S31500017F7094421191F30300AAE40314AA0200805269
S31500017F80A109805245FFFF97C0030035810A403998
S31500017F90E1020035810E40393F0400718100005431
S31500017FA0618A403921001C32618A003981224039B7
S31500017FB073A202916172173881264039618217389E
S31500017FC0010080D2826A6178437C08536220022ACA
S31500017FD0626A2178210800913F3800F141FFFF5480
S31500017FE0F35341A9FD7BC2A8C0035FD6E10180120C
S31500017FF0E00313AA1804009400008012ECFFFF1797
S3150001800000008012F7FFFF17FD7BBDA90501805215
S3150001801003008052FD030091F35301A9020080522F
S31500018020F30300AAF51300F955000090B44211912B
S31500018030610E8052E40314AA18FFFF97A0020035CF
S31500018040A1A24879227C08534120012A6142017983
S3150001805081064079227C08534120012A6146017933
S31500018060810A4079227C08534120012A614A01791B
S31500018070810E4079227C08534120012A614E017903
S31500018080F35341A9F51340F9FD7BC3A8C0035FD69D
S3150001809000008012FBFFFF1701404179210C1812E5
S315000180A03F0008712102005401008452011000B9F9
S315000180B001644179247C0C5383040051633C001212
S315000180C07F2000712801005403D4423902028052F4
S315000180D04220C41A6120012A213C0072237C021B22
S315000180E06210821A021000B900008052C0035FD6E6
S315000180F0FD7BBEA9231C185304008052FD03009189
S315000181004200805261A58052F35301A9F30300AAEC
S3150001811061FCFF9760010035633A417904008052A2
S3150001812022008052A1018052E00313AA5AFCFF9754
S31500018130603A40B9F35341A9FD7BC2A8C0035FD69B
S31500018140633A417904008052743A40B92200805260
S31500018150A1018052E00313AA4FFCFF97743A00B9BC
S31500018160F4FFFF17FD7BBDA9054080520300805235
S31500018170FD030091041041F9E2DF8B12F35301A9CB
S31500018180F40301AAF30300AAA1858352F51300F9AA
S31500018190C2FEFF9720020035633A417904008052FE
S315000181A022008052A1018052E00313AA3AFCFF97F4
S315000181B0603A40B980000035601241F900FC473948
S315000181C0800200B9603A40B9F35341A9F51340F969
S315000181D0FD7BC3A8C0035FD6633A41790400805290
S315000181E0753A40B922008052A1018052E00313AAD8
S315000181F029FCFF97753A00B9EEFFFF17FD7BBDA974
S31500018200FD030091F35301A9F30300AA0184403948
S31500018210C1060036633A4179040080524200805219
S31500018220E1008052E00313AA1BFCFF9760060035AC
S3150001823021008052E00313AAAEFFFF9780060035A6
S31500018240E1B30091E00313AAFF2F00B9C6FFFF9720
S3150001825060000035E02F40B9602E02B9044080521B
S31500018260030080522200805201028052E00313AAC9
S3150001827009FCFF97F403002A0004003560864039A3
S31500018280E003283621008052E00313AA2B03009451
S31500018290608640394003283603008052020080522E
S315000182A0410D8052E00313AAD3FBFF97600200350C
S315000182B021008052E00313AA88FAFF97E0010035F6
S315000182C060864039C0012836E00313AA23FFFF97D1
S315000182D04001003541008052E00313AA7A0300945D
S315000182E0E000003405000014015840392200805294
S315000182F0EF02009400F9FF34743A40B9E003142AFE
S31500018300F35341A9FD7BC3A8C0035FD67F3A00B9E9
S31500018310D3FFFF17FD7BBEA942000090FD0300912C
S31500018320434C82B9220000F042203791F30B00F949
S31500018330537863F8130C00B4621241F9C20B00B40E
S31500018340E203012AE103002AE00313AACFFCFF9707
S315000183507F3A00B9E00313AAFEF9FF970001003442
S3150001836021028012E00313AA3B030094603A40B94C
S31500018370F30B40F9FD7BC2A8C0035FD6ADF9FF97A9
S3150001838020010034A1038012E00313AA32030094F2
S315000183900200805201008052E00313AAC402009435
S315000183A0F3FFFF1701008052E00313AAE3020094D2
S315000183B02200805201008052E00313AABC020094FD
S315000183C060FDFF3540008052A8F9FF97B8F9FF9785
S315000183D0010E80D20138A2F2200040F900307D92D0
S315000183E0200000F9000F80D20038A2F21F0000F928
S315000183F0B1F9FF97E00313AA9DFDFF97A0FCFF3596
S31500018400608640391F041C7241020054608640395F
S31500018410A0012836E00313AAFCFEFF97A0FBFF3557
S3150001842060864239000C00722004005460720039E3
S31500018430600A41391F00017120030054E00313AAA9
S3150001844016FFFF972000805260FA0039C8FFFF1718
S31500018450E00313AAB5FAFF97C0F9FF352100805250
S31500018460E00313AA1803009440F9FF35E00313AAA9
S31500018470E1020094618A40390000012A608A0039CC
S31500018480608640391F041C7220FCFF54E00313AAC6
S315000184905BFFFF97C0FBFF34BEFFFF17E00313AA84
S315000184A090FEFF97C0FCFF34BAFFFF177F720039B9
S315000184B0E5FFFF1700008012AEFFFF174100009095
S315000184C0224C82B9210000F021203791217862F8EF
S315000184D0C10000B4600000B4212C42B9010000B90A
S315000184E0000080520200001400008012C0035FD613
S315000184F0FD7BB8A9FD030091F76303A9F70300AA61
S3150001850040000090F96B04A9390000F0004C82B9D3
S3150001851039233791F35301A9F55B02A9337B60F83F
S31500018520FB7305A9134300B460FA4039C000003556
S3150001853001008012E00313AAC7020094603A40B911
S3150001854009000014607A40797F3A00B9A00100342D
S315000185507F7A0079C1038012E00313AABE02009458
S31500018560C0038012F35341A9F55B42A9F76343A9FE
S31500018570F96B44A9FB7345A9FD7BC8A8C0035FD667
S31500018580F403012AF803022AE00313AA71F9FF97FB
S31500018590F603002AC000003421028012E00313AA68
S315000185A0AD02009420028012EFFFFF17600A40B966
S315000185B01F00146BE9FBFF540103140B1F00016B31
S315000185C083FBFF546002413980000836FF0640F202
S315000185D056008052F613961A001380D2633A4179F7
S315000185E00038A2F2014080D204008052220080525B
S315000185F0010000F9A1018052E00313AA26FBFF97AF
S3150001860040020035606A40B9000C17121F00207144
S31500018610A13800541A6C80D21C7F80D21A38A2F27B
S315000186201C38A2F21F030071ADF8FF54E00313AA30
S3150001863048F9FF97FB03002A200A00342102801221
S31500018640E00313AA84020094016C80D2A2FF9FD298
S315000186500138A2F2743A40B9200040F90000028ABA
S31500018660200000F902908F12A1008052E00313AAA4
S3150001867079FCFF9702908F12A1008052E00313AAA2
S3150001868057FCFF97000F80D20038A2F2000040F994
S3150001869080047036150480D2020080521538A2F289
S315000186A081008052360080D2E00313AA30FCFF9786
S315000186B0B60200F9007D8052ECF8FF9702908F1206
S315000186C0A1008052E00313AA63FCFF9702008052C7
S315000186D081008052E00313AA41FCFF97F4F8FF974B
S315000186E0031480D2021280D2047080D20338A2F21F
S315000186F00238A2F20438A2F2610040F9400040F9C2
S315000187009F0000F9960000F9213C4092BF0200F952
S31500018710003C4092610000F9400000F9E6F8FF973D
S31500018720633A41790400805222008052A1018052AD
S31500018730E00313AAD8FAFF9760010035606A40B9D1
S31500018740000C17121F002071E0000054633A4179B2
S31500018750040080524200805281018052E00313AA34
S31500018760CDFAFF97743A00B902908F12A100805298
S31500018770E00313AA1AFCFF9771FFFF17758EC079E4
S315000187801F03156BB552981ABF0A00714C17005496
S31500018790000480D21C019C520038A2F2187E80D2BD
S315000187A01A7F80D21B6C80D2B502140BFCFFAF720C
S315000187B01838A2F21A38A2F21B38A2F21F0000F9E9
S315000187C0A002144B1F000071ADEBFF54E2FF8F12A4
S315000187D021008052E00313AAE5FBFF97DF0A00712F
S315000187E001050054610240F90300805202408052A3
S315000187F0E00317AA21000391B1F8FF97E0030034C3
S31500018800A1038012E00313AA13020094653A40B94A
S3150001881002908F12A1008052E00313AAE57B00B9F2
S315000188200DFCFF9702908F12A1008052E00313AA5C
S31500018830EBFBFF970200805281008052E00313AAEE
S31500018840CBFBFF97633A41790400805222008052A4
S31500018850A1018052E00313AA8FFAFF9702908F12AB
S31500018860A1008052E00313AADDFBFF97E57B40B927
S31500018870653A00B96E000014400080D2600300F929
S3150001888060564039825A1753210280521F040071E3
S31500018890E00313AA4210941A00FBFF97A0000034CC
S315000188A0DF0A007141FBFF5489F8FF97D8FFFF17D4
S315000188B0E2FF8F1221008052E00313AAC8FBFF9743
S315000188C03602003502D08F1281008052E00313AACE
S315000188D0A7FBFF970300805222008052E10317AAEB
S315000188E0E00313AA2A010094E603002A06F9FF35DC
S315000188F0007D80525DF8FF9720050034010180124A
S31500018900C1FFFF17200340F9020080520103805284
S3150001891005544079A5041D12E57F00B9B0FBFF9708
S31500018920040340F9E01F80D2430340F9E39306A90B
S3150001893002F08F12000300F981008052400300F912
S31500018940E00313AA8AFBFF9721008052E00313AAD2
S3150001895045010094E603002A600340F9E67B00B96D
S31500018960E57F40B9A1FF9FD20000018A600300F9AB
S3150001897002008052E103052AE00313AA7CFBFF975C
S31500018980E39346A9E67B40B9843C4092040300F98F
S31500018990633C4092430300F9D5FFFF1761524079CA
S315000189A0E00F90523F00006A80000054E00313AAD2
S315000189B0AFF9FF9796FFFF170200805281008052A0
S315000189C0E00313AAA4FBFF9702D08F128100805205
S315000189D0E00313AA82FBFF97633A417904008052B0
S315000189E022008052A1018052E00313AA2AFAFF97BE
S315000189F0C0010034606A40B901707D9221D873923A
S31500018A0061F0FFB4620A40B9810600115F00016B93
S31500018A10E1EFFF541F001C6AA1EFFF54001018126A
S31500018A207F3A00B9606A00B9653A40B9E501003498
S31500018A30011480D2037080D20138A2F20338A2F267
S31500018A40220080D2200040F97F0000F9620000F97F
S31500018A50003C4092200000F9E00313AA615A403914
S31500018A6013010094B6FEFF1794060011F702089150
S31500018A7054FFFF17010480D2002080D20138A2F2F0
S31500018A80200000F9608640391F400071A1000054A2
S31500018A90610A40B9A002140B3F00006BFB179F1A35
S31500018AA0010580D2A03E40920138A2F20200805216
S31500018AB0200000F921008052E00313AA2CFBFF9746
S31500018AC0DF0A0071C1010054610240F903008052BE
S31500018AD0A25A1753E00317AA21000391F8F7FF974B
S31500018AE060000034A1038012D6FEFF17400340F94F
S31500018AF000001F32003C4092400300F960564039A5
S31500018B00825A17531F0400714210941ADB0600346F
S31500018B1041828F52E00313AA60FAFF97C012003513
S31500018B20E2FF8F1221008052E00313AA2CFBFF976C
S31500018B30F6050034200340F90200805201038052F9
S31500018B4005544079A5041D12E57F00B924FBFF9762
S31500018B50007E80D2017E80D20038A2F20138A2F2D4
S31500018B6002F08F12040040F9E01F80D2830340F91E
S31500018B70E39306A9200000F981008052800300F9E1
S31500018B80E00313AAFAFAFF97E103152AE00313AAF1
S31500018B90B5000094E603002A400340F9E67B00B9DC
S31500018BA0E57F40B9A1FF9FD20000018A400300F989
S31500018BB002008052E103052AE00313AAECFAFF97AB
S31500018BC0E39346A9007E80D20038A2F2E67B40B943
S31500018BD0843C4092040000F9633C4092830300F90F
S31500018BE00D00001441028052CBFFFF1702D08F12F5
S31500018BF081008052E00313AADDFAFF970300805239
S31500018C00E203152AE10317AAE00313AA6000009400
S31500018C10E603002AA6D1FF35007D805293F7FF9720
S31500018C20600000340101801286FEFF17615240790F
S31500018C30E00F90523F00006A80000054E00313AA3F
S31500018C400BF9FF9781FEFF170200805281008052C7
S31500018C50E00313AA00FBFF9702D08F128100805216
S31500018C60E00313AADEFAFF97DB0200340400805208
S31500018C70030080524200805281018052E00313AA10
S31500018C8085F9FF97E0010034606A40B901707D9271
S31500018C9021D87392A1CDFFB4620A40B98102150BA6
S31500018CA03F00026B21CDFF54016C1D122158131296
S31500018CB0C1CCFF35001018127F3A00B9606A00B9BD
S31500018CC0633A41790400805222008052A101805208
S31500018CD0E00313AA70F9FF97E0010034606A40B916
S31500018CE001707D9221D8739201CBFFB4610A40B91C
S31500018CF09502150BBF02016B81CAFF54016C1D124F
S31500018D002158131221CAFF35001018127F3A00B9F3
S31500018D10606A00B9606A40B9000C17121F00207121
S31500018D208000005400008012603A00B947FEFF1728
S31500018D30607A407940010034010480D27F7A00795B
S31500018D400138A2F2200080D218008052200000F9DA
S31500018D50C1038012E00313AABF000094608EC0799C
S31500018D601803004B9402000B00581753F7C2208BCF
S31500018D702DFEFF17DF0A007181C6FF5454F7FF97D6
S31500018D8032FEFF1700008012F7FDFF17FD7BBCA91D
S31500018D907F000071FD030091F35301A9F30300AABB
S31500018DA0F4FFFFD0E0FFFFD094522B9100E0289111
S31500018DB0F55B02A99402809AF60301AAF503022A39
S31500018DC0F71B00F9F703032ABF020071CD01005416
S31500018DD0007D805225F7FF97A00000340101801223
S31500018DE0E00313AA9C000094070000146152407925
S31500018DF0E00F90523F00006A20010054E00313AADD
S31500018E009BF8FF97603A40B9F35341A9F55B42A934
S31500018E10F71B40F9FD7BC4A8C0035FD6B701003537
S31500018E200220805201008052E00313AA8AFAFF97BA
S31500018E30610240F902408052E00316AA2100039123
S31500018E4080023FD6A0000034A1038012E5FFFF1780
S31500018E5002408052F4FFFF17D6020891B506005171
S31500018E60DAFFFF17FD7BBEA9FD030091F30B00F9A5
S31500018E70F30300AA2058175313F7FF97C0000034D5
S31500018E8013F7FF97A1038012E00313AA720000945F
S31500018E90030000140EF7FF9760FFFF35603A40B9F3
S31500018EA0F30B40F9FD7BC2A8C0035FD6FD7BBEA9CB
S31500018EB05F040071FD030091F30B00F9F30300AAAF
S31500018EC081020054E003012ADEF6FF971F000271BA
S31500018ED0E9000054603A40B960000035A0038012F1
S31500018EE0603A00B90000801207000014011280D216
S31500018EF0000018320138A2F2003C4092200000F92D
S31500018F0000008052F30B40F9FD7BC2A8C0035FD677
S31500018F10000F80D20038A2F2000040F960007036DE
S31500018F20C00A8012603A00B9001280D20038A2F25B
S31500018F301F0000F9F3FFFF17FD7BBDA9FD0300919B
S31500018F40F35301A9F403012AF30300AAF51300F967
S31500018F500184403941012837151480D21538A2F20F
S31500018F6094030034A00240F900384092A00200F9AF
S31500018F70E003142ABBF6FF971C000014016840B9F0
S31500018F80210C17123F00207181FEFF549F020071D0
S31500018F9002008052E3079F1AC108805263381F53AB
S31500018FA095F8FF97C000003400008012F35341A9E1
S31500018FB0F51340F9FD7BC3A8C0035FD6210080529B
S31500018FC0E00313AA45F7FF9780FCFF34F7FFFF176D
S31500018FD000008052A3F6FF97A00240F9004011322B
S31500018FE0003C4092A00200F90000805274760039DC
S31500018FF0EFFFFF1701144139E1000035000E80D261
S315000190000038A2F2000040F9E00320AA001C075331
S31500019010C0035FD6007B80D2210400510038A2F242
S31500019020000040F9E003202A0028C11A00000012BE
S31500019030F8FFFF17013C0012E0018052A100003742
S3150001904000040051217C01531F04003181FFFF54AC
S31500019050C0035FD6023840B942000035013800B975
S3150001906000008052C0035FD6230000F0644C82B931
S31500019070230000D063203791637864F8030200B4BB
S31500019080E00100B465844039662C42B9A44011322E
S31500019090DF00007184C0851A04000079610000B404
S315000190A06078403920000039620000B460544039CC
S315000190B040000039000080520200001400008012B6
S315000190C0C0035FD6061C417902244179C72C48D3D7
S315000190D0452447D381010836040C4139035C4179A3
S315000190E09F000271E1020054045440399F0400714B
S315000190F081020054045841796340042A637C095370
S31500019100030C00B9A1010036030C41390120417954
S315000191107F000271E1010054035440397F0400715C
S3150001912081010054213418532120422A21040011BF
S3150001913021541653010800B900008052C0035FD6BE
S31500019140A40800116320C41A6320C71AECFFFF1795
S31500019150C6041653A5080011C118412A210400119D
S315000191602120C51A2120C71A217C0953F2FFFF17B6
S315000191701F0440F261010054220000F0434C82B901
S31500019180220000D042203791427863F8A20000B451
S31500019190401001F900008052412802B9C0035FD690
S315000191A000008012FEFFFF17C0035FD6810E80D23A
S315000191B020A7B452C100A2F20200B0524304805269
S315000191C0200000B9000E80D2C000A2F20300B072E6
S315000191D0020000B902109052220000B9030000B942
S315000191E0034C8052220000B9820480520200B07200
S315000191F0020000B9820F80D26300A072C200A2F2FF
S31500019200430000B902068052220000B9410680528D
S315000192100100B072010000B9BF3F03D5C0035FD69C
S31500019220010980D2FD7BBFA9C100A2F2FD03009115
S31500019230200040B9E0FF0736DCFFFF97800F80D2A0
S31500019240014C8052C000A2F2010000B9812882526D
S31500019250212AA672010400B921868052010800B9AB
S31500019260C000A2D201409452A12AA07200300091FE
S3150001927001401FB8616080526100A07201801FB871
S3150001928001608052E103A072010000B9611DA05284
S31500019290000040B9000280D2C000A2F2010000B96C
S315000192A001E098521F0400B94140A072010C00B9B7
S315000192B021018052014800B91F4C00B9BCFFFF973C
S315000192C000008052FD7BC1A8C0035FD6010480D295
S315000192D00120A2F2200000B90020A2D22100805272
S315000192E0010000B9C0035FD6000480D20020A2F2BB
S315000192F0000040B9C0035FD625E5FF1743E5FF1718
S31500019300C0035FD6000000D000201C91C20280522B
S315000193100314402942040071010840B9003000914C
S31500019320640040B98100014A2100050A2100044A6E
S31500019330610000B9E1FEFF54C0035FD6000040B9E9
S31500019340006458D300040011C0035FD6FD7BBBA99E
S31500019350FD030091F35301A9F30301AAF40300AA43
S31500019360F51300F9FFFF03A9FF2700F961E5FF9750
S31500019370ABE5FF97E18F0032600080526BE5FF9706
S31500019380530000B5F3E30091E00314AA34008052C0
S31500019390EBFFFF978022C01A15040051620240F9C3
S315000193A0E20000B5200080524EE5FF97F35341A934
S315000193B0F51340F9FD7BC5A877E5FF176416422929
S315000193C0E103142A630640F9E003152A9406001105
S315000193D0736200915BE5FF97F1FFFF17FD7BBDA966
S315000193E0E020A2D2FD030091E1630091FFFF01A9F4
S315000193F0FF1700F9D6FFFF97010080D2C020A2D245
S31500019400D3FFFF97C0FFFF97FD7BC3A8C0035FD6BD
S31500019410200000F0010080D2002C40F906E7FF177A
S31500019420200000F0012840F9200000F0003040F94A
S3150001943001E7FF17200000F0010080D2003840F953
S31500019440FDE6FF17FD7BBCA9010080D2FD0300915B
S31500019450F35301A9340000F0F51300F9F50300AA4E
S31500019460803640F9F4E6FF97F303002A2001003520
S31500019470803640F9E2E30091E10315AAFAE6FF9787
S31500019480F303002A60000035E01F40F940E7FF972B
S31500019490E003132AF35341A9F51340F9FD7BC4A850
S315000194A0C0035FD6FD7BBCA9200000F0FD0300913F
S315000194B01F2800F9E0C30091F35301A9340000B05D
S315000194C093220691F51300F949E6FF97E01B40F94F
S315000194D0220000F0010080D242800191D1E6FF977F
S315000194E0004081D24020A2F2000040B9000C007277
S315000194F06103005427F9FF97C0000034000000F013
S3150001950000402591AC0000941601009443E3FF97B7
S31500019510E0E30091C0F4FF97E01F40F9350000F049
S31500019520B5C20191010080D2E20315AABDE6FF97FB
S3150001953095C600F9000000D000600D91600600F9A3
S315000195400000009000D01091600A00F9F35341A980
S31500019550F51340F9FD7BC4A8C0035FD6010C005189
S315000195603F040071280200542EFFFF97350000F0DA
S31500019570E0E300917FE6FF97E01F40F9B5A2019174
S31500019580E20315AA010080D2A6E6FF9795C600F967
S31500019590000000D000C00D91600600F900000090A7
S315000195A000101191E9FFFF17000400511F0400711B
S315000195B0C8FAFF54E0EEFF971F04007180000054C3
S315000195C0000000F000E02591CFFFFF17CFEEFF97D7
S315000195D090F0FF971F04007180000054000000F016
S315000195E000842691C8FFFF17E0E30091DFF3FF97A0
S315000195F0E01F40F9350000F0B5620191010080D20B
S31500019600E20315AA87E6FF9795C600F9000000D088
S3150001961000000D91600600F90000009000401091D5
S31500019620CAFFFF17FD7BBCA9E003002AFD030091D9
S31500019630F35301A9130380D2340000B0137C139BAA
S3150001964094220691F55B02A9F60301AA9502138BF2
S31500019650A08640A9F71B00F9F70302AA20003FD60E
S31500019660C0000035A10640F9E10200F9816A73F8EC
S31500019670210040F9C10200F9F35341A9F55B42A962
S31500019680F71B40F9FD7BC4A8C0035FD6814081D298
S31500019690000000124120A2F2210040B9FF73416B84
S315000196A0C0000054014880D200781F530128A2F25D
S315000196B0200000B9C0035FD6824080D20228A2F200
S315000196C0410040B921780F122040002A400000B91C
S315000196D0F9FFFF17FD7BBAA9FD030091F35301A919
S315000196E0F40301AAF55B02A9F503002AE22301911D
S315000196F0E1E30091E003152A960640F9CAFFFF97B8
S31500019700F303002A80030035E01F40F9E2030191CB
S31500019710E12740F954E6FF97F303002AC00200351A
S31500019720E02340F9E14301918BE6FF97F303002A19
S3150001973080010035E22B40F9C20200B4801640B91F
S315000197405F0000EBA8020054E02340F9821200B941
S31500019750E3630191E10316AA86E6FF97F303002A64
S31500019760E02340F98AE6FF97E01F40F938E6FF97C4
S315000197709301003494000094A0FBFF35E003132A03
S31500019780F35341A9F55B42A9FD7BC6A8C0035FD689
S3150001979093008012F3FFFF1753038012F1FFFF17A7
S315000197A0811240B9800640F9A8E2FF97F4FFFF173E
S315000197B0C0035FD6FD7BB6A9FD030091F35301A952
S315000197C0E18B06A9220000B0E39307A9422449B917
S315000197D0E59B08A9E74F00F9010040395F00016BDD
S315000197E0A3020054F30300AAE003012A82000094B5
S315000197F0F40300AA8002403940020035E083029159
S31500019800E00304A9E0830191E02B00F9E006801250
S31500019810E05B00B9FF5F00B9E00744A9E00702A9D0
S31500019820E00745A9E00703A9E183009160060091DD
S3150001983001040094F35341A9FD7BCAA8C0035FD676
S315000198400005009494060091EBFFFF17210000F03C
S31500019850213C40F9610000B500008052C0035FD68B
S315000198603F0000EB60000054210040F9FAFFFF17AA
S3150001987020008052FAFFFF17E20300AAFD7BBFA971
S31500019880FD030091F2FFFF971F040071A000005431
S31500019890200000F0013C40F9410000F9023C00F9CA
S315000198A020008052FD7BC1A8C0035FD6020440F9A7
S315000198B0E103012A425C7892420001AA020400F9FE
S315000198C0C0035FD6FD7BBDA9FD030091F55B02A92F
S315000198D0F603002A200000F0F35301A9350000B079
S315000198E0B5A22491133C40F9F40F8012D30000B5C0
S315000198F0E003142AF35341A9F55B42A9FD7BC3A8F2
S31500019900C0035FD6600640F9A10240393F0000EA74
S3150001991080010054620A40F9420100B4DF2A007155
S3150001992040010054620A40F9E10313AAE003162A32
S3150001993040003FD69F0202318012407A94D2801AAB
S31500019940730240F9EAFFFF17E0FE4736E10313AA67
S31500019950A001805240003FD660FEFF36F6FFFF179A
S31500019960FD7BBEA9200000F0FD030091F35301A980
S31500019970340000B094A22491133C40F9930000B541
S31500019980F35341A9FD7BC2A8C0035FD6600640F927
S31500019990810240393F0000EAA0000054611240F9FB
S315000199A0610000B4E00313AA20003FD6730240F918
S315000199B0F3FFFF17C0035FD67F2003D5FFFFFF1715
S315000199C0C0035FD600008052C0035FD6FD7BBEA9EF
S315000199D0FD030091F30B00F9F30301AA5200009471
S315000199E0E00313AA50000094F30B40F9FD7BC2A8D3
S315000199F0510000141FC80071410680520090811A5F
S31500019A00410180521F00016B0020811A0008C11A12
S31500019A10010000D021000E9100040051207860F869
S31500019A20C0035FD600041C121F400071E0179F1A85
S31500019A3000681B53C0035FD61F0C54F2410100544A
S31500019A401F0456F2410100541F0458F2410100540B
S31500019A501F0C5CF2410100541F0C60F2E0079F9A53
S31500019A60C0035FD6A00080D2FEFFFF17800080D220
S31500019A70FCFFFF17600080D2FAFFFF17400080D27B
S31500019A80F8FFFF171F040071010CE0D20008E0D2B5
S31500019A902000809AC0035FD6404238D5000C02539D
S31500019AA0C0035FD6FD7BBFA9840400918700C0DA9D
S31500019AB0FD030091E710C0DAE60300AA040880520C
S31500019AC0E00303AA8400074B3F001F7261000054A4
S31500019AD001A086528400012A847C4093D7FFFF9718
S31500019AE0818000AA804000AA210069B20310B0D289
S31500019AF0BF040071000003AA0010819A410738D5FE
S31500019B003F0C40F240000054420040B2E19F80D237
S31500019B10FD7BC1A88108A0F2C10000A9C20800F915
S31500019B20C0035FD6E10300AA200000B000C008917F
S31500019B305F010014FD7BBFA9FD030091D7FFFF97CD
S31500019B40E103002A1F040071200000B000C0089143
S31500019B5081000054015800B9FD7BC1A863010014BE
S31500019B603F080071620080522100821AFAFFFF1736
S31500019B70FD7BBEA965008052FD030091F30B00F940
S31500019B80F303002A200000B000C00891E103132A64
S31500019B90040440F9021840F9032040F9200000F0BE
S31500019BA000000291C0FFFF97E003132AF30B40F96F
S31500019BB0FD7BC2A80AE2FF17FD7BBDA97F0C0071E0
S31500019BC0FD030091F35301A9F403012A730080D226
S31500019BD073069F9AF55B02A9750202AAF60300AA0B
S31500019BE0E003012A90FFFF97F303002A9F027DF20B
S31500019BF0E3179F9AC05A40B9731E03AA1F04007146
S31500019C00730215AAA1010054620276B2018880D2BC
S31500019C109F0279F2730201AA7312829A950A00725F
S31500019C202101005498FFFF97730200AA804080D259
S31500019C30730200AA12000014028880D2730202AADB
S31500019C40F7FFFF17010980529F02016A6000005465
S31500019C508DFFFF97730200AABF0A0071A10100548C
S31500019C60940618129F020C71A0000054600277B28C
S31500019C709F020871730678B27312809AE00313AAE1
S31500019C80F35341A9F55B42A9FD7BC3A8C0035FD687
S31500019C90004180D2E7FFFF17FD7BB8A9FD030091C4
S31500019CA0FB7305A9FC0301AABB040011F35301A927
S31500019CB014018012F55B02A9B47C141B1600809274
S31500019CC0210440F9949E0011950B40F9F76303A90D
S31500019CD0F80300AA3500158B370080D2A00600D103
S31500019CE0F722D49AE03700F9E00317CB3F0002EBE5
S31500019CF00000018A0080829AD622D49A130002CBF0
S31500019D00F60336AAF96B04A9FA03052A7326D49A2F
S31500019D10F903132A734C338BE47F00B9E17F40B911
S31500019D203F03016B22030054858740A90200178B6C
S31500019D30630240F9E23B00F9550400D164040012C4
S31500019D40A100018BBF0000EB210400D1480600549D
S31500019D50BF0201EB08060054820340F95F0F007150
S31500019D60420005CB4200008B410100549F0C00715B
S31500019D70E1060054E18346A93907001173220091D7
S31500019D803F0000EBC8FCFF54000400D11B00001487
S31500019D909F0C0071A0040054E4FEFF355F0016EA33
S31500019DA0A10000549A000034811340F92124D49A69
S31500019DB0E10400B5032F40B9011340F96204001113
S31500019DC0022F00B9637C7493230003AB6001005436
S31500019DD0610440B2610200F9E20300AAE5031B2A0D
S31500019DE004408052E00318AAE1031CAAABFFFF97C7
S31500019DF0BF0200EB00FCFF54F35341A9F55B42A9F6
S31500019E00F76343A9F96B44A9FB7345A9FD7BC8A870
S31500019E10C0035FD6BF0015EB690000541F0001EBBC
S31500019E20A8FAFF5484FCFF34E20300AAE5031B2AC7
S31500019E3004408052638C7492E1031CAAE00318AAC1
S31500019E4096FFFF971F0015EBEBFFFF17811B40B92C
S31500019E50E3031A2AE00318AA58FFFF97600200F9E4
S31500019E60C5FFFF17260840F9061200B4270C40A9C2
S31500019E70221040F9E40006AA840003AA9F2C40F2AE
S31500019E80410E00545F0048F10400A8D2441044FA80
S31500019E90600000545F0440F1810D0054FD7BBCA9B4
S31500019EA0CC00038BFD030091F55B02A9F600068B3E
S31500019EB0D60600D1F35301A9950500D1FF0016EB93
S31500019EC0F71B00F9629055FA880C0054020440F918
S31500019ED0BF0202EB280C0054020040F9DF0202EB3C
S31500019EE0C80B00540B1840B904058052020840F90A
S31500019EF06B09249B64815EF8040C00B5E80302AA91
S31500019F006D0007CB040940F9840500B5F30302AAE5
S31500019F10639240A965A200918300038B630400D17B
S31500019F207F0015EB42000054C40A00B5648E40A9B7
S31500019F3065A200916400048B9F0104EB810000542B
S31500019F40630000B4DF0003EB080A0054430840F93C
S31500019F50630000B45F000BEBC3090054F40300AACD
S31500019F60F70301AA420013CBE10313AAE00305AAF2
S31500019F70D6010094020580D2E10317AAE00313AAD1
S31500019F80CA010094802240F91F0016EB42000054DA
S31500019F90962200F9802640F91F0015EB4200005475
S31500019FA0952600F9F35341A9F55B42A9F71B40F940
S31500019FB0FD7BC4A8C0035FD6091540A9AA00048B7E
S31500019FC07F0005EB4A0500D163020054BF020AEB8C
S31500019FD0690200547F0005EB20020054DF0209EB01
S31500019FE0C30500548400098B840400D1FF0004EBEF
S31500019FF0E4979F1ABF0205EB430200547F000AEB68
S3150001A000E5979F1ABF00046A8001005408A10091D8
S3150001A010BDFFFF17BF020AEB23FEFF54A90009CBC0
S3150001A0203F010DEBA10000547F0005EB01FFFF543A
S3150001A030DF0004EBC1FEFF5401008012080000148A
S3150001A04025008052F0FFFF17000000D0002429915F
S3150001A050A1028012D8FDFF1721048012000000D052
S3150001A06000242991F35341A9F55B42A9F71B40F955
S3150001A070FD7BC4A8F8FFFF1761018012F8FFFF17E7
S3150001A080F30305AAA3FFFF17F30305AAA8FFFF170A
S3150001A09042A00091AEFFFF17BF0205EB83FBFF5401
S3150001A0A024008052D6FFFF17C0035FD6FD7BBEA9F1
S3150001A0B0FD030091F35301A9F40300AAF30301AAD6
S3150001A0C0601240F9800000B5F35341A9FD7BC2A897
S3150001A0D0C0035FD6E10313AAE00314AA73A2009199
S3150001A0E061FFFF97F7FFFF17FD7BBEA9FD030091F7
S3150001A0F0F35301A9F30300AA140840F9E00314AAD3
S3150001A10033000094613A40B9000080D23F00006BF1
S3150001A110A8010054632A40B9000080D27F00006B79
S3150001A120AC010054800A40F9800200B5200080523B
S3150001A13060520139E00313AAF35341A9FD7BC2A87A
S3150001A14024000014621A40F95F7820F80004009197
S3150001A150EFFFFF17621240F9010080D24230008BF7
S3150001A1605F7821F8210400913F0008F1A1FFFF5417
S3150001A17000040091EAFFFF17643A40B9020080D259
S3150001A180655240B9E10314AA631A40F9E00313AA20
S3150001A190C2FEFF97818E40A92200038B420400D1A3
S3150001A1A05F0000EB00010054841A40B9000000D0A2
S3150001A1B0820240F900E827917FFDFF97E9FDFF97AD
S3150001A1C016E0FF9794A20091D7FFFF17C0035FD651
S3150001A1D0C0035FD603008052040040F9021040B963
S3150001A1E0820000B9457C1053423C0012041440B968
S3150001A1F09F04007141000054E203222A060440F93B
S3150001A200C40040B98400024A9F00056AA1FFFF54B9
S3150001A21063040011006000917F00016BE1FDFF54B2
S3150001A220C0035FD6E10300AA030840B9000840F95C
S3150001A230220441F8430000B9210840B9010000B9E0
S3150001A240015080D22120A2F2200040B9E0FFFF3563
S3150001A250C0035FD6FD7BBEA9E10BA052823981D234
S3150001A260FD030091F35301A9F40300AA800981D2E9
S3150001A2702020A2F22220A2F2010000B92100A05260
S3150001A28001A003B9E10B8052400040B90000010A68
S3150001A2901F7C0171A1FFFF5480A980D2E1870032A2
S3150001A2A02020A2F2010000B981D980D22120A2F298
S3150001A2B0200040B9000400121F0C0071A1FFFF54D9
S3150001A2C020008052CF000094807D81D2E18300324C
S3150001A2D02020A2F2010000B920008052C90000949A
S3150001A2E0800981D2E1830F322020A2F2010000B958
S3150001A2F000000691F30300AA010040B9E1FF0F3700
S3150001A30020008052BF00009480023FD6800981D28E
S3150001A310A10B80522020A2F2A10BA072010000B96C
S3150001A320A00B8052610240B93F00006AC1FFFF5491
S3150001A330F35341A920008052FD7BC2A8B10000144D
S3150001A340FD7BBEA9800981D22020A2F2FD030091E6
S3150001A350810BA052F30B00F9010000B92100A052B4
S3150001A36001A003B9813981D22120A2F2800B80524A
S3150001A370330040B97302000A7F720171A1FFFF54D5
S3150001A380200080529F000094807D81D2E1830032BB
S3150001A3902020A2F2010000B9200080529900009409
S3150001A3A0800981D2810B80522020A2F2810BA072FA
S3150001A3B0010000B9813981D22120A2F2200040B9E1
S3150001A3C01F00136AC1FFFF54F30B40F920008052AE
S3150001A3D0FD7BC2A88B000014005080D22020A2F27F
S3150001A3E0E10300AA020040B9E2FF0737004080D22C
S3150001A3F02200A0522020A2F2020000B9200040B99A
S3150001A400E0FF073741008052000000B000A00E9126
S3150001A41071FFFF17816281D22120A2F2200040B98B
S3150001A42000880032200000B9C0035FD6FD7BBFA9BA
S3150001A43025000090A4802391FD030091A17044F9A9
S3150001A440800840B9220040B9003C10120000022ADF
S3150001A450200000B9810840F9801840B9220040B9AE
S3150001A460003C10120000022A200000B920000090D2
S3150001A470000024916CFFFF97820840B9A17044F94E
S3150001A480200040B90000022A200000B9810840F9E5
S3150001A490821840B9200040B90000022A820380D206
S3150001A4A02220A2F2200000B920028052410040B9C8
S3150001A4B03F00006AC1FFFF54820580D2200280520C
S3150001A4C02220A2F2410040B93F00006AC1FFFF54B9
S3150001A4D0210000902060169121CC42F9020840B972
S3150001A4E0220000B9010840F9021840B9220000B95A
S3150001A4F0012840B9001040F9010000B9210000907F
S3150001A5002020179121E442F9020840B9220000B93E
S3150001A510010840F9021840B9220000B9820380D22D
S3150001A5202220A2F2012840B9001040F9010000B929
S3150001A53020028052410040B93F00006AC0FFFF542B
S3150001A540820580D2200280522220A2F2410040B927
S3150001A5503F00006AC0FFFF54E103805220000090D3
S3150001A56000400A911CFFFF97E103805220000090F2
S3150001A57000E0179118FFFF972000009000E0159169
S3150001A58029FFFF97FD7BC1A8A3FFFF1757FBFF1705
S3150001A59020E03BD5E003202AC0035FD6240000D08B
S3150001A5A082A008910300009063401691831401F97B
S3150001A5B040040129E00302AA2C000014FD7BBFA977
S3150001A5C0FD030091F2FFFF97E103002A004888523C
S3150001A5D0C3008052E001A072420180522408C21ACF
S3150001A5E08584021BA50000350008C21AE103042A6E
S3150001A5F06304007141FFFF54FD7BC1A8E8FFFF170B
S3150001A600FD7BBDA9FD030091F35301A9340000D0E0
S3150001A610F303002A801E41F9000040F9F51300F901
S3150001A62000003FD6F503002A811E41F92004412985
S3150001A630020400D1730AA19B730AC09A73060091A2
S3150001A640801E41F9000040F900003FD6A002004BF0
S3150001A6501F0013EB63FFFF54F35341A9F51340F9B0
S3150001A660FD7BC3A8C0035FD6210000D0201C01F9E1
S3150001A670C0035FD6210400D1040080D25F0004EB41
S3150001A680610000540000805207000014036864381A
S3150001A69084040091256864387F00056B00FFFF5430
S3150001A6A06000054BC0035FD6030080D25F0003EB59
S3150001A6B041000054C0035FD6246863380468233818
S3150001A6C063040091FAFFFF17060001CBE50300AA18
S3150001A6D0DF0002EB43000054F4FFFF172400028B56
S3150001A6E00000028B1F0005EB41000054C0035FD63A
S3150001A6F081FC5F3801FC1F38FBFFFF17220300B402
S3150001A700211C0012E40300AA850840F2410200540C
S3150001A710231C4092060080D2632003AA634003AA49
S3150001A720638003AA470006CBFF1C00F1C801005451
S3150001A73043FC43D3E6008092840C038B6208069B9C
S3150001A7405F0005EBE000005481682538A5040091FF
S3150001A750FCFFFF1781140038420400F161FDFF542C
S3150001A760C0035FD6836826F8C6200091EEFFFF1767
S3150001A770FD7BBAA9E103012A050080D2FD03009100
S3150001A780F35301A9F403032AF55B02A9F623019108
S3150001A790F71B00F9571C00120708C19AB5040011EE
S3150001A7A0E380019B641C00127F2400F186C0001126
S3150001A7B0845C0111C61C0012841C00128480861A56
S3150001A7C0A46836383F0000EBA5040091C901005486
S3150001A7D0130080529F0200710C020054B47E409314
S3150001A7E0940600D19F060031010200546002150B48
S3150001A7F0F35341A9F55B42A9F71B40F9FD7BC6A8B6
S3150001A800C0035FD6E00307AAE4FFFF177306001132
S3150001A810E003172A0B0100948002134B1F00156BEE
S3150001A8206CFFFF54EEFFFF17C06A743805010094F0
S3150001A830ECFFFF17FD7BBAA9FD030091F35301A9B4
S3150001A840341840B9F76303A9335C40A9F55B02A943
S3150001A850F60300AAF96B04A91A0000D05A132A912B
S3150001A8601500805219008052FB7305A9C0024039B8
S3150001A87040020034D60600911F940071C11D005498
S3150001A88018008052010080520200001419068052FD
S3150001A890C00240391FB00171C0160054A80400540B
S3150001A8A01FC00071201B0054880100541F940071C1
S3150001A8B0A007005415008012E003152AF35341A99D
S3150001A8C0F55B42A9F76343A9F96B44A9FB7345A953
S3150001A8D0FD7BC6A8C0035FD61F90017160000054BE
S3150001A8E01FA4017181FEFF543F0400712D0600541F
S3150001A8F0F406F837603E0091E103142A00F07D92D8
S3150001A9007C0240F9F403012AF30300AA5C08F8B6B5
S3150001A910A0058052CB000094E0031CCB1807005120
S3150001A920E303182AE203192A410180527500001433
S3150001A9301FD4017140120054880200541FC00171D6
S3150001A940400800541FCC017161FBFF549406F8378F
S3150001A950783E0091FC03142A18F37D92740240F9A3
S3150001A960130080D2940600D1E103132A73060091E5
S3150001A970806A733860060035B502010BF4031C2AA0
S3150001A980F30318AA090000141FE00171200A0054FC
S3150001A9901FE8017101F9FF54D6060091410080526A
S3150001A9A0BCFFFF17A7000094D6060091B0FFFF1762
S3150001A9B000FAFF54F401F837602E0091E103142ADE
S3150001A9C000F07D927C0280B9CFFFFF178122001132
S3150001A9D03F0000718D000054603E009100F07D92B1
S3150001A9E0C8FFFF17E00313AAF3C2348BC5FFFF1795
S3150001A9F0812200113F0000718D000054602E0091EC
S3150001AA0000F07D92F0FFFF17E00313AAF3C2348B27
S3150001AA10EDFFFF17E0031CAAC2FFFF179C220011DE
S3150001AA209F0300718D000054783E009118F37D92CA
S3150001AA30CBFFFF17F80313AAF3C2348BC8FFFF1726
S3150001AA4080000094C9FFFF17F401F8377C3E00919E
S3150001AA50FB03142A9CF37D92740240F9740300B53A
S3150001AA60E00314AAE303182AE203192A0102805219
S3150001AA70F4031B2A3FFFFF97F3031CAAB502000B41
S3150001AA80CAFFFF179B2200117F0300718D0000543E
S3150001AA907C3E00919CF37D92F0FFFF17FC0313AA05
S3150001AAA0F3C2348BEDFFFF1766000094E103132A0E
S3150001AAB073060091606A7A3880FFFF35B502010B93
S3150001AAC0180B0051E7FFFF17130080D2F8FFFF179D
S3150001AAD03F040071CD0100549402F837613E0091A4
S3150001AAE0E203142A21F07D92600240F9F403022A5E
S3150001AAF0E303182AE203192AF30301AA0102805289
S3150001AB001CFFFF97B502000BA8FFFF1760FEFF545D
S3150001AB10F401F837612E0091E203142A21F07D92A7
S3150001AB20600240B9F2FFFF17822200115F00007137
S3150001AB308D000054613E009121F07D92EBFFFF17DD
S3150001AB40E10313AAF3C2348BE8FFFF178222001137
S3150001AB505F0000718D000054612E009121F07D92FD
S3150001AB60F0FFFF17E10313AAF3C2348BEDFFFF17C2
S3150001AB7021040011D606009146FFFF173F0400711C
S3150001AB802D010054F401F837613E0091E203142AC5
S3150001AB9021F07D92600240F9F403022AF30301AA2F
S3150001ABA060FFFF1700FFFF54F401F837612E009193
S3150001ABB0E203142A21F07D92600240B9F7FFFF17E4
S3150001ABC0822200115F0000718D000054613E0091E8
S3150001ABD021F07D92F0FFFF17E10313AAF3C2348B34
S3150001ABE0EDFFFF17822200115F0000718D000054F6
S3150001ABF0612E009121F07D92F0FFFF17E10313AA68
S3150001AC00F3C2348BEDFFFF17D60600911800805270
S3150001AC10C002403900C00051021C00125F240071BD
S3150001AC2068E3FF5442018052D60600911803021BC5
S3150001AC30F8FFFF1703000094B50600110CFFFF177C
S3150001AC40FD7BBEA9FD030091F30B00F9F303002A76
S3150001AC50001C00121CFBFF971F00007160A29F5A87
S3150001AC60F30B40F9FD7BC2A8C0035FD600000000CC
S3150001AC703C2C010000000000782A010000000000C1
S3150001AC809C2C0100000000000000000000000000F4
S3150001AC90802A010000000000842B01000000000052
S3150001ACA00000000000000000942A010000000000DE
S3150001ACB0D02A010000000000902D010000000000D4
S3150001ACC02C2E010000000000242E010000000000CF
S3150001ACD0482E0100000000007C2E0100000000004B
S3150001ACE09C2E010000000000202F01000000000042
S3150001ACF0D82E010000000000B02E01000000000067
S3150001AD000000000000000000402E010000000000CD
S3150001AD10000001000000000000000100000000002A
S3150001AD2000000200000000000A0000000000000010
S3150001AD30000000400000000000F0020000000000DA
S3150001AD4000F00200000000000010000000000000FA
S3150001AD5008000000000000000000004000000000A4
S3150001AD6000000010000000000000001000000000BC
S3150001AD7000000005000000000800000000000000BF
S3150001AD80000000400000000000000020000000005C
S3150001AD90000000200000000000000010000000007C
S3150001ADA0020000000000000000000040000000005A
S3150001ADB0000000400000000000000040000000000C
S3150001ADC000000040000000000A0000000000000032
S3150001ADD0000000400000000000000000000000002C
S3150001ADE0000000000000000000000000000000005C
S3150001ADF0000000000000000000000000000000004C
S3150001AE00EC62010000000000C462010000000000C5
S3150001AE10EC64010000000000CC62010000000000AB
S3150001AE200000000000000000406301000000000077
S3150001AE30000000000000000008630100000000009F
S3150001AE400000000000000000006301000000000097
S3150001AE5008AE010000000000000000000000000034
S3150001AE60C865010000000000A065010000000000A7
S3150001AE701C66010000000000A8650100000000003A
S3150001AE8000000000000000008066010000000000D4
S3150001AE900000000000000000E46501000000000061
S3150001AEA00000000000000000DC6501000000000059
S3150001AEB068AE010000000000000000000000000074
S3150001AEC00100000000000000220203110000000042
S3150001AED00300000000000000010000000000000067
S3150001AEE088040311000000001100000000000000AA
S3150001AEF00000000000000000201103110000000006
S3150001AF000101000000000000000000000000000038
S3150001AF10101D0311000000000000000000000000E9
S3150001AF2000000000000000001015031100000000E1
S3150001AF300101000000000000000000000000000008
S3150001AF4000000000000000000000000000000000FA
S3150001AF5001000000000000002302031100000000B0
S3150001AF6003000000000000000100000000000000D6
S3150001AF708C04031100000000110000000000000015
S3150001AF80000000000000000028110311000000006D
S3150001AF9001010000000000000000000000000000A8
S3150001AFA0181D031100000000000000000000000051
S3150001AFB00000000000000000181503110000000049
S3150001AFC00101000000000000000000000000000078
S3150001AFD0000000000000000000000000000000006A
S3150001AFE0010000000000000036020311000000000D
S3150001AFF00300000000000000010000000000000046
S3150001B000D804031100000000110000000000000038
S3150001B0100000000000000000B01103110000000054
S3150001B0200101000000000000000000000000000017
S3150001B030B01D031100000000000000000000000028
S3150001B0400000000000000000B01503110000000020
S3150001B05001010000000000000000000000000000E7
S3150001B06000000000000000000000000000000000D9
S3150001B070010000000000000037020311000000007B
S3150001B08007000000000000000100000000000000B1
S3150001B090DC040311000000001101000000000000A3
S3150001B0A00000000000000000B811031100000000BC
S3150001B0B00101010000000000000000000000000086
S3150001B0C0B81D031100000000000000000000000090
S3150001B0D00000000000000000B81503110000000088
S3150001B0E00101010000000000000000000000000056
S3150001B0F00000000000000000000000000000000049
S3150001B10001000000000000002202031100000000FF
S3150001B1100300000000000000010000000000000024
S3150001B1208804031100000000030000000000000075
S3150001B13001000000000000003010031100000000B3
S3150001B14002020200000000000100000000000000F1
S3150001B150301C031100000000000000000000000088
S3150001B160010000000000000030140311000000007F
S3150001B17001010100000000000100000000000000C4
S3150001B180301803110000000000010000000000005B
S3150001B19000000000000000000000000000000000A8
S3150001B1A00000000000000000000000000000000098
S3150001B1B00000000000000000000000000000000088
S3150001B1C0010000000000000038100311000000001B
S3150001B1D00202020202020202010000000000000057
S3150001B1E0381C0311000000000000000000000000F0
S3150001B1F001000000000000003814031100000000E7
S3150001B200010101010101010101000000000000002E
S3150001B21038180311000000000101010101010101BB
S3150001B22001000000000000002302031100000000DD
S3150001B2300300000000000000010000000000000003
S3150001B2408C04031100000000030000000000000050
S3150001B2500100000000000000401003110000000082
S3150001B26002020000000000000100000000000000D2
S3150001B270401C031100000000000000000000000057
S3150001B280010000000000000040140311000000004E
S3150001B29001010000000000000100000000000000A4
S3150001B2A0401803110000000000010000000000002A
S3150001B2B00000000000000000000000000000000087
S3150001B2C00000000000000000000000000000000077
S3150001B2D00000000000000000000000000000000067
S3150001B2E001000000000000004810031100000000EA
S3150001B2F0020202020000000001000000000000003E
S3150001B300481C0311000000000000000000000000BE
S3150001B31001000000000000004814031100000000B5
S3150001B3200101010100000000010000000000000011
S3150001B330481803110000000001010101000000008E
S3150001B3400000020000000000FFFF1D0000000000D9
S3150001B35000000000000000000000010000000000E5
S3150001B360FFFF1D00000000000000000000000000BB
S3150001B37000000220000000000000FE0F0000000097
S3150001B380C8C9010000000000D2C901000000000088
S3150001B390DCC9010000000000E6C901000000000050
S3150001B3A0F0C901000000000028050111000000009D
S3150001B3B0A8060111000000000100010000000000C4
S3150001B3C02808011100000000A80901110000000071
S3150001B3D001000100010000009E010300A1018D0191
S3150001B3E08F010000003200000052000000920008A8
S3150001B3F00607000000010000000E0000000000002A
S3150001B400C0010000C00100007F0000000F00000025
S3150001B4100100000000000000000000000000000024
S3150001B42078060000B80B63577C0600002828000048
S3150001B43080060000223C0000840600001126100050
S3150001B4404C060000020B0000500600000601000039
S3150001B450540600000D1C131158060000151F00129A
S3150001B4605C0600000E14191D600600001A1B091760
S3150001B470640600000C16100A680600001E05180076
S3150001B4806C060000000000002C0100000000000016
S3150001B490A8000000161800142C010000010000008D
S3150001B4A0A800000008060D012C01000002000000A2
S3150001B4B0A8000000030419022C010000030000008B
S3150001B4C0A80000000B1505172C0100000400000060
S3150001B4D0A8000000101112132C0100000500000045
S3150001B4E0A80000000E0F09072C010000060000004D
S3150001B4F0A80000001B0A1D1A2C010000070000000D
S3150001B500A80000000C1C1E00000010001E002E00EA
S3150001B51083008C009100C100D600EB00F50000000D
S3150001B520000000000A0000000C0000000D000000F1
S3150001B5300F000000140000001A0000001E000000A9
S3150001B54023000000280000002D0000003400000048
S3150001B550370000003C0000004600000050000000DB
S3150001B56000000000010700000200000003000000C7
S3150001B57004000000050500000604000007000000A5
S3150001B580081C0000090000000A000000000000007D
S3150001B5900C0000000D0000000E1C00000F00000052
S3150001B5A01000000011000000127C0000130C0000C6
S3150001B5B000000000151C000000000000170000003C
S3150001B5C018000000196C00001A0C00001B00000096
S3150001B5D01C0000001D0000001E0000001F1C0000D2
S3150001B5E0000000000000000000000000230400002D
S3150001B5F024040000000000002600000027040000CB
S3150001B60028040000000000002A00000000000000DD
S3150001B6100000000000000000000000000000000023
S3150001B62000000000310C00000000000000000000D6
S3150001B63000000000357C0000366C00003700000079
S3150001B64038000000000000000000000000000000BB
S3150001B650000000001500000000000C001700380073
S3150001B66059006B00620074007E0000009DFFFFFF21
S3150001B6709DFFFFFF9DFFFFFF9DFFFFFF9DFFFFFF5B
S3150001B6809DFFFFFF9DFFFFFF9DFFFFFFF3FFFFFFF5
S3150001B6909DFFFFFF9DFFFFFF9DFFFFFFF0FFFFFFE8
S3150001B6A09DFFFFFFC4FFFFFF9DFFFFFFFCFFFFFFA5
S3150001B6B0EDFFFFFFECFFFFFFFBFFFFFFFAFFFFFFC1
S3150001B6C0F9FFFFFFAAFFFFFFB0FFFFFFAFFFFFFF7D
S3150001B6D0AEFFFFFFF6FFFFFFF6FFFFFFFEFFFFFFD7
S3150001B6E0F5FFFFFFF4FFFFFFF3FFFFFFADFFFFFFD6
S3150001B6F0F2FFFFFFF1FFFFFFF0FFFFFFACFFFFFFD0
S3150001B700ABFFFFFFEAFFFFFF00000211BB00BB001A
S3150001B71088AAAA0004000211BBBBBBBBAAAAAAAA9B
S3150001B72008000211BBBBBB00AAAAAA000C000211A9
S3150001B730BBBBBB00AAAAAA0010000211BB000B0BDF
S3150001B740AA000A0A1400021100000000000000000D
S3150001B750000102110F00000008000000040102119F
S3150001B760FF3CFF3FAAC0000808010211FFCFFF00FE
S3150001B770020000000C010211FF3FFF3F0000000024
S3150001B78010010211FF0FFFFF00000000140102115A
S3150001B7903300000000000000180102110F00000034
S3150001B7A0000000001C0102110C000000080000004E
S3150001B7B0200102110F000000000000002401021107
S3150001B7C00000000000000000280102110300000033
S3150001B7D0000000002C010211000000000000000022
S3150001B7E030010211030000000000000034010211C3
S3150001B7F003000000000000003801021103000000F0
S3150001B800000000003C0102110000000000000000E1
S3150001B81000000000000A0000040000000000000013
S3150001B82008000000000000000C00000000000000FD
S3150001B83010000000000000001400000000000000DD
S3150001B84018000000000000001C00000000000000BD
S3150001B850200000000000000024000000000000009D
S3150001B86028000000080000012C0000000001100063
S3150001B870300000000071020034000000801A06004A
S3150001B88038000000550218093C0000000000181895
S3150001B89040000000040405054400000006280000DD
S3150001B8A0480000001C0002064C0000000C1C0006AB
S3150001B8B050000000060818005400000060DB000478
S3150001B8C058000000050303005C0000000C0C000199
S3150001B8D0600000000118030C640000000C00000168
S3150001B8E068000000010100006C000000000000007B
S3150001B8F07000000000000000740000000103040055
S3150001B90078000000B80100007C000000601800000B
S3150001B91080000000050000008400000005001400FE
S3150001B920880000005502C0018C000000C001000023
S3150001B9309000000001020001940000000240108006
S3150001B94098000000000000009C00000000000400B8
S3150001B950A000000000000000A4000000001806007E
S3150001B960A8000000D0070000AC0000000018060087
S3150001B970B000000000180600B40000000018060020
S3150001B980B800000000000000BC000000000000013B
S3150001B990C000000000000000C4000000000000001C
S3150001B9A0C800000000000000CC00000000000000FC
S3150001B9B0D000000000000000D400000000000000DC
S3150001B9C0D800000000000000DC000000002121007A
S3150001B9D0E000000000000709E40000000A010E2F44
S3150001B9E0E800000000030000EC0000000400010074
S3150001B9F0F000000000080000F40000000000000054
S3150001BA00F800000000000000FC000000000000003B
S3150001BA100001000000010000040100000002000016
S3150001BA2008010000001000000C01000000000000E9
S3150001BA3010010000000000001401000014020000C3
S3150001BA4018010000010100001C01000000000000B7
S3150001BA502001000014020000240100000101000081
S3150001BA6028010000000000002C0100000000000079
S3150001BA703001000000000000340100000000000059
S3150001BA8038010000000000003C0100000000000039
S3150001BA904001000000000000440100008000000099
S3150001BAA048010000800000004C0100000F04000066
S3150001BAB0500100000F0400005401000000000101C4
S3150001BAC058010000000000005C01000000000000B9
S3150001BAD06001000000000000640100000000000099
S3150001BAE068010000000000006C0100000000000079
S3150001BAF07001000000000000740100000000000059
S3150001BB0078010000000000007C0100000002000135
S3150001BB10800100000108010084010000000000000E
S3150001BB2088010000000000008C01000000000000F8
S3150001BB3090010000000000009401000000000000D8
S3150001BB4098010000000000009C01000000000000B8
S3150001BB50A001000000000000A40100000000000098
S3150001BB60A801000000000000AC0100000000000078
S3150001BB70B001000000000000B40100000000000058
S3150001BB80B801000008000000BC010000E8036400E1
S3150001BB90C001000000000000C40100000000000018
S3150001BBA0C801000000000000CC01000000001115D2
S3150001BBB0D0010000180C0400D401000003BDBE0032
S3150001BBC0D801000050C30000DC01000000000000A5
S3150001BBD0E001000000040002E40100008000000012
S3150001BBE0E801000000010100EC0100000001010074
S3150001BBF0F00100000000FF1FF401000000FF030038
S3150001BC00F8010000FFFFFFFFFC01000000FFFF003D
S3150001BC1000020000000AFFFF04020000010001010A
S3150001BC2008020000010101010C02000001010301EB
S3150001BC30100200000000010C1402000000000001C7
S3150001BC4018020000000000001C02000000000100B4
S3150001BC502002000000000000240200000100000094
S3150001BC6028020000000000002C0200000000000075
S3150001BC703002000000000000340200000000000055
S3150001BC8038020000000000003C0200000000000035
S3150001BC904002000000000000440200000000000015
S3150001BCA048020000000000004C02000000000000F5
S3150001BCB050020000000000005402000000000000D5
S3150001BCC058020000000000005C02000000000000B5
S3150001BCD06002000000000000640200000000000095
S3150001BCE068020000000000006C0200000000000075
S3150001BCF07002000000000000740200000000010054
S3150001BD0078020000000000007C020000000800002C
S3150001BD108002000000000000840200009808000074
S3150001BD2088020000000000038C02000008040000E5
S3150001BD3090020000000000009402000000000000D4
S3150001BD4098020000000000009C02000000000000B4
S3150001BD50A002000000000000A40200000000000094
S3150001BD60A802000000000000AC0200000000000074
S3150001BD70B002000000000000B40200000000000054
S3150001BD80B802000000000000BC0200000008060620
S3150001BD90C002000001000001C4020000000003010E
S3150001BDA0C802000002030003CC02000000000000EC
S3150001BDB0D002000001080800D402000001080800B2
S3150001BDC0D802000001060700DC02000000000000A6
S3150001BDD0E0020000FFFF0F00E4020000FFFFFFFF8B
S3150001BDE0E80200000F000F00EC0200000000000056
S3150001BDF0F0020000FFFF0F03F4020000FFFFFFFF48
S3150001BE00F80200000F000F00FC0200000000000015
S3150001BE1000030000FFFF0F0304030000FFFFFFFF05
S3150001BE20080300000F000F000C03000000000000D3
S3150001BE3010030000FFFF0F0314030000FFFFFFFFC5
S3150001BE40180300000F000F001C0300000000000093
S3150001BE5020030000FFFF0F0324030000FFFFFFFF85
S3150001BE60280300000F000F002C0300000000000053
S3150001BE7030030000FFFF0F0334030000FFFFFFFF45
S3150001BE80380300000F000F003C0300000000000013
S3150001BE9040030000FFFF0F0344030000FFFFFFFF05
S3150001BEA0480300000F000F004C03000000000000D3
S3150001BEB050030000FFFF0F0354030000FFFFFFFFC5
S3150001BEC0580300000F000F005C0300000000000093
S3150001BED060030000FFFF0F0364030000FFFFFFFF85
S3150001BEE0680300000F000F006C0300000000000053
S3150001BEF070030000FFFF0F0374030000FFFFFFFF45
S3150001BF00780300000F000F007C0300000000000012
S3150001BF1080030000FFFF0F0384030000FFFFFFFF04
S3150001BF20880300000F000F008C03000000000000D2
S3150001BF3090030000FFFF0F0394030000FFFFFFFFC4
S3150001BF40980300000F000F009C0300000000000092
S3150001BF50A0030000FFFF0F03A4030000FFFFFFFF84
S3150001BF60A80300000F000F00AC0300000000000052
S3150001BF70B0030000FFFF0F03B4030000FFFFFFFF44
S3150001BF80B80300000F000F00BC0300000000000012
S3150001BF90C0030000FFFF0F03C4030000FFFFFFFF04
S3150001BFA0C80300000F000F00CC03000000000000D2
S3150001BFB0D0030000FFFF0F03D4030000FFFFFFFFC4
S3150001BFC0D80300000F000F00DC0300000000000092
S3150001BFD0E0030000FFFF0F00E4030000FFFFFFFF87
S3150001BFE0E80300000F000F00EC0300000000000052
S3150001BFF0F0030000FFFF0F03F4030000FFFFFFFF44
S3150001C000F80300000F000F00FC0300000000000011
S3150001C01000040000FFFF0F0304040000FFFFFFFF01
S3150001C020080400000F000F000C04000000000000CF
S3150001C03010040000FFFF0F0314040000FFFFFFFFC1
S3150001C040180400000F000F001C040000000000008F
S3150001C05020040000FFFF0F0324040000FFFFFFFF81
S3150001C060280400000F000F002C040000000000004F
S3150001C07030040000FFFF0F0334040000FFFFFFFF41
S3150001C080380400000F000F003C040000000000000F
S3150001C09040040000FFFF0F0344040000FFFFFFFF01
S3150001C0A0480400000F000F004C04000000000000CF
S3150001C0B050040000FFFF0F0354040000FFFFFFFFC1
S3150001C0C0580400000F000F005C040000000000008F
S3150001C0D060040000FFFF0F0364040000FFFFFFFF81
S3150001C0E0680400000F000F006C040000000000004F
S3150001C0F070040000FFFF0F0374040000FFFFFFFF41
S3150001C100780400000F000F007C040000000000000E
S3150001C11080040000FFFF0F0384040000FFFFFFFF00
S3150001C120880400000F000F008C04000000000000CE
S3150001C13090040000FFFF0F0394040000FFFFFFFFC0
S3150001C140980400000F000F009C040000000000008E
S3150001C150A0040000FFFF0F03A4040000FFFFFFFF80
S3150001C160A80400000F000F00AC040000000000004E
S3150001C170B0040000FFFF0F03B4040000FFFFFFFF40
S3150001C180B80400000F000F00BC040000000000000E
S3150001C190C0040000FFFF0F03C4040000FFFFFFFF00
S3150001C1A0C80400000F000F00CC04000000000000CE
S3150001C1B0D0040000FFFF0F03D4040000FFFFFFFFC0
S3150001C1C0D80400000F000F00DC040000000000008E
S3150001C1D0E0040000FFFF0F00E4040000FFFFFFFF83
S3150001C1E0E80400000F000F00EC040000000000004E
S3150001C1F0F0040000FFFF0F03F4040000FFFFFFFF40
S3150001C200F80400000F000F00FC040000000000000D
S3150001C21000050000FFFF0F0304050000FFFFFFFFFD
S3150001C220080500000F000F000C05000000000000CB
S3150001C23010050000FFFF0F0314050000FFFFFFFFBD
S3150001C240180500000F000F001C050000000000008B
S3150001C25020050000FFFF0F0324050000FFFFFFFF7D
S3150001C260280500000F000F002C050000000000004B
S3150001C27030050000FFFF0F0334050000FFFFFFFF3D
S3150001C280380500000F000F003C050000000000000B
S3150001C29040050000FFFF0F0344050000FFFFFFFFFD
S3150001C2A0480500000F000F004C05000000000000CB
S3150001C2B050050000FFFF0F0354050000FFFFFFFFBD
S3150001C2C0580500000F000F005C050000000000008B
S3150001C2D060050000FFFF0F0364050000FFFFFFFF7D
S3150001C2E0680500000F000F006C050000000000004B
S3150001C2F070050000FFFF0F0374050000FFFFFFFF3D
S3150001C300780500000F000F007C050000000000000A
S3150001C31080050000FFFF0F0384050000FFFFFFFFFC
S3150001C320880500000F000F008C05000000000000CA
S3150001C33090050000FFFF0F0394050000FFFFFFFFBC
S3150001C340980500000F000F009C050000000000008A
S3150001C350A0050000FFFF0F03A4050000FFFFFFFF7C
S3150001C360A80500000F000F00AC050000000000004A
S3150001C370B0050000FFFF0F03B4050000FFFFFFFF3C
S3150001C380B80500000F000F00BC050000000000000A
S3150001C390C0050000FFFF0F03C4050000FFFFFFFFFC
S3150001C3A0C80500000F000F00CC05000000000000CA
S3150001C3B0D0050000FFFF0F03D4050000FFFFFFFFBC
S3150001C3C0D80500000F000F00DC0500000000000387
S3150001C3D0E005000003030303E40500000303030370
S3150001C3E0E805000003030303EC0500000303030053
S3150001C3F0F005000064000202F405000002020202D8
S3150001C400F805000002020202FC0500000202020217
S3150001C410000600000202010004060000640001019A
S3150001C42008060000010101010C06000001010101DD
S3150001C43010060000010101011406000001010200BD
S3150001C44018060000640000001C060000060000003B
S3150001C45020060000D007000024060000320000007C
S3150001C46028060000000200002C0600000002000061
S3150001C4703006000000000000340600000000000045
S3150001C4803806000005020B033C06000008032000E5
S3150001C4904006000000000000440600000202000AF7
S3150001C4A0480600000A000C004C06000000000000CF
S3150001C4B050060000000000005406000000000000C5
S3150001C4C058060000000000005C06000000000000A5
S3150001C4D06006000000000000640600000000000085
S3150001C4E068060000000000006C0600000000000065
S3150001C4F0700600000F00000074060000E2047203DB
S3150001C50078060000B80B63577C0600002828000057
S3150001C51080060000223C000084060000112610005F
S3150001C52088060000000000008C06000000000000E4
S3150001C53090060000000000009406000000000000C4
S3150001C54098060000000000009C06000000000000A4
S3150001C550A006000000000000A40600000000000084
S3150001C560A806000000000000AC0600000000000064
S3150001C570B006000000000000B40600000000000044
S3150001C580B806000000000000BC0600000000000024
S3150001C590C006000000000000C40600000000000004
S3150001C5A0C806000000000000CC06000000000000E4
S3150001C5B00000C402C40201000A006400E803E803A3
S3150001C5C0E803E803E8034275696C74203A203036C3
S3150001C5D03A35373A30322C204E6F762031302032C0
S3150001C5E03032320076322E372872656C656173659A
S3150001C5F0293A76322E352F727A67326C2D312E30EA
S3150001C600302D323030372D6732303363373833329D
S3150001C610332D6469727479000A424C323A204661BC
S3150001C620696C75726520696E2070726520696D612D
S3150001C6306765206C6F61642068616E646C696E6702
S3150001C64020282569290A000A424C323A20466169A6
S3150001C6506C656420746F206C6F616420696D61671D
S3150001C6606520696420257520282569290A000A4262
S3150001C6704C323A204661696C75726520696E20708C
S3150001C6806F737420696D616765206C6F61642068E2
S3150001C690616E646C696E6720282569290A00144257
S3150001C6A04C323A2025730A0014424C323A20426F2A
S3150001C6B06F74696E6720424C33310A000A545A433B
S3150001C6C02D343030203A2046696C74657220257508
S3150001C6D020476174656B656570657220616C726572
S3150001C6E061647920656E61626C65642E0A000000E2
S3150001C6F0000000000000000000000000000000042F
S3150001C700400A424C323A20656D6D632045525220F3
S3150001C71053445F494E464F32203D20307825780AF2
S3150001C720000A424C323A20656D6D632053574954D5
S3150001C73043485F4552524F520A000A424C323A2050
S3150001C740656D6D6320657865635F636D643A454D1C
S3150001C7504D435F4552525F464F5243455F544552E2
S3150001C7604D494E4154450A000A424C323A20656D04
S3150001C7706D63206275735F77696474682065727290
S3150001C7806F7220656E640A000A424C323A20656D6A
S3150001C7906D63206572723A66756E635F6E6F3D30CA
S3150001C7A078257820636F64653D307825780A000A1C
S3150001C7B0424C323A20656D6D63206572723A667538
S3150001C7C06E635F6E6F3D307825780A0014424C32F5
S3150001C7D03A20654D4D4320626F6F742066726F6D0E
S3150001C7E020706172746974696F6E2025640A001481
S3150001C7F0424C323A204C6F6164206473743D307848
S3150001C800256C78207372633D28703A256429307847
S3150001C810256C6C7828256429206C656E3D30782559
S3150001C8206C78282564290A0014424C323A20534474
S3150001C83020626F6F742066726F6D20706172746909
S3150001C84074696F6E2025640A0080400804020202A2
S3150001C850000A0C0D0F14191E23282D32373C4650A1
S3150001C86014424C323A204661696C656420746F202B
S3150001C8706573645F696E69742E0A0014424C323A1C
S3150001C880204661696C656420746F206573645F730B
S3150001C89065745F6275666665722E0A0014424C32D3
S3150001C8A03A204661696C656420746F206573645F24
S3150001C8B0636865636B5F6D656469612E0A00144286
S3150001C8C04C323A204661696C656420746F20657349
S3150001C8D0645F6D6F756E742E0A0014424C323A20F5
S3150001C8E04661696C656420746F206573645F676572
S3150001C8F0745F747970652E0A0014424C323A2046F0
S3150001C90061696C656420746F206573645F67657423
S3150001C9105F706172746974696F6E5F69642E0A0073
S3150001C92047D4086D4CFE98469B952950CBBD5A00BD
S3150001C93005D0E18953DC13478D2B500A4B7A3E38DB
S3150001C940D6D0EEA7FCEAD54B97829934F234B6E4F9
S3150001C95014424C323A204661696C656420746F203A
S3150001C9606553442064726976657220696E697469DB
S3150001C970616C697A652E0A0014424C323A2046618E
S3150001C980696C656420746F20654D4D43206472693E
S3150001C99076657220696E697469616C697A652E0AB9
S3150001C9A00014424C323A204661696C656420746F0A
S3150001C9B020654D4D43206D6F756E74206F706572E5
S3150001C9C06174696F6E2E0A004552524F523A202009
S3150001C9D020004E4F544943453A2020005741524EBC
S3150001C9E0494E473A2000494E464F3A202020200022
S3150001C9F0564552424F53453A20000A4E6F74206500
S3150001CA006E6F756768206D656D6F727920746F2022
S3150001CA106D617020726567696F6E3A0A2056413AF8
S3150001CA203078256C78202050413A3078256C6C7826
S3150001CA30202073697A653A3078257A7820206174E6
S3150001CA4074723A307825780A000A6D6D61705F61FB
S3150001CA5064645F726567696F6E5F636865636B289F
S3150001CA6029206661696C65642E206572726F722079
S3150001CA7025640A0050414E494320617420504320E9
S3150001CA803A2030780030780050D00F410000000085
S3150001CA90202101000000000000000000000000004D
S3150001CAA0000000000000000000000000000000007F
S3150001CAB0000000000000000000000000000000006F
S3150001CAC0000000000000000000000000000000005F
S3150001CAD0000000000000000000000000000000004F
S3150001CAE0000000000000000000000000000000003F
S3150001CAF0000000000000000000000000000000002F
S3150001CB00000000000000000000000000000000001E
S3150001CB10000000000000000000000000000000000E
S3150001CB2000000000000000000000000000000000FE
S3150001CB3000000000000000000000000000000000EE
S3150001CB4000000000000000000000000000000000DE
S3150001CB5000000000000000000000000000000000CE
S3150001CB6000000000000000000000000000000000BE
S3150001CB7000000000000000000000000000000000AE
S3150001CB80000000000000000000000000000000009E
S3150001CB90000000000000000000000000000000008E
S3150001CBA0000000000000000000000000000000007E
S3150001CBB0000000000000000000000000000000006E
S3150001CBC0000000000000000000000000000000005E
S3150001CBD0000000000000000000000000000000004E
S3150001CBE0000000000000000000000000000000003E
S3150001CBF0000000000000000000000000000000002E
S3150001CC00000000000000000000000000000000001D
S3150001CC10000000000000000000000000000000000D
S3150001CC2000000000000000000000000000000000FD
S3150001CC3000000000000000000000000000000000ED
S3150001CC4000000000000000000000000000000000DD
S3150001CC5000000000000000000000000000000000CD
S3150001CC6000000000000000000000000000000000BD
S3150001CC7000000000000000000000000000000000AD
S3150001CC80000000000000000000000000000000009D
S3150001CC90000000000000000000000000000000008D
S3150001CCA0000000000000000000000000000000007D
S3150001CCB0000000000000000000000000000000006D
S3150001CCC0000000000000000000000000000000005D
S3150001CCD0000000000000000000000000000000004D
S3150001CCE0000000000000000000000000000000003D
S3150001CCF0000000000000000000000000000000002D
S3150001CD00000000000000000000000000000000001C
S3150001CD10000000000000000000000000000000000C
S3150001CD2000000000000000000000000000000000FC
S3150001CD3000000000000000000000000000000000EC
S3150001CD4000000000000000000000000000000000DC
S3150001CD5000000000000000000000000000000000CC
S3150001CD6000000000000000000000000000000000BC
S3150001CD7000000000000000000000000000000000AC
S3150001CD80000000000000000000000000000000009C
S3150001CD90000000000000000000000000000000008C
S3150001CDA0000000000000000000000000000000007C
S3150001CDB0000000000000000000000000000000006C
S3150001CDC0000000000000000000000000000000005C
S3150001CDD0000000000000000000000000000000004C
S3150001CDE0000000000000000000000000000000003C
S3150001CDF0000000000000000000000000000000002C
S3150001CE00000000000000000000000000000000001B
S3150001CE10000000000000000000000000000000000B
S3150001CE2000000000000000000000000000000000FB
S3150001CE3000000000000000000000000000000000EB
S3150001CE4000000000000000000000000000000000DB
S3150001CE5000000000000000000000000000000000CB
S3150001CE6000000000000000000000000000000000BB
S3150001CE7000000000000000000000000000000000AB
S3150001CE80000000000000000000000000000000009B
S3150001CE90000000000000000000000000000000008B
S3150001CEA0000000000000000000000000000000007B
S3150001CEB0000000000000000000000000000000006B
S3150001CEC0000000000000000000000000000000005B
S3150001CED0000000000000000000000000000000004B
S3150001CEE0000000000000000000000000000000003B
S3150001CEF0000000000000000000000000000000002B
S3150001CF00000000000000000000000000000000001A
S3150001CF10000000000000000000000000000000000A
S3150001CF2000000000000000000000000000000000FA
S3150001CF3000000000000000000000000000000000EA
S3150001CF4000000000000000000000000000000000DA
S3150001CF5000000000000000000000000000000000CA
S3150001CF6000000000000000000000000000000000BA
S3150001CF7000000000000000000000000000000000AA
S3150001CF80000000000000000000000000000000009A
S3150001CF90000000000000000000000000000000008A
S3150001CFA0000000000000000000000000000000007A
S3150001CFB0000000000000000000000000000000006A
S3150001CFC0000000000000000000000000000000005A
S3150001CFD0000000000000000000000000000000004A
S3150001CFE0000000000000000000000000000000003A
S3150001CFF0000000000000000000000000000000002A
S3150001D000000080D2F2D4FF97F3D4FF97000000000E
S3150001D0100000000000000000000000000000000009
S3150001D02000000000000000000000000000000000F9
S3150001D03000000000000000000000000000000000E9
S3150001D04000000000000000000000000000000000D9
S3150001D05000000000000000000000000000000000C9
S3150001D06000000000000000000000000000000000B9
S3150001D07000000000000000000000000000000000A9
S3150001D080200080D2D2D4FF97D3D4FF9700000000AE
S3150001D0900000000000000000000000000000000089
S3150001D0A00000000000000000000000000000000079
S3150001D0B00000000000000000000000000000000069
S3150001D0C00000000000000000000000000000000059
S3150001D0D00000000000000000000000000000000049
S3150001D0E00000000000000000000000000000000039
S3150001D0F00000000000000000000000000000000029
S3150001D100400080D2B2D4FF97B3D4FF97000000004D
S3150001D1100000000000000000000000000000000008
S3150001D12000000000000000000000000000000000F8
S3150001D13000000000000000000000000000000000E8
S3150001D14000000000000000000000000000000000D8
S3150001D15000000000000000000000000000000000C8
S3150001D16000000000000000000000000000000000B8
S3150001D17000000000000000000000000000000000A8
S3150001D180600080D292D4FF9793D4FF9700000000ED
S3150001D1900000000000000000000000000000000088
S3150001D1A00000000000000000000000000000000078
S3150001D1B00000000000000000000000000000000068
S3150001D1C00000000000000000000000000000000058
S3150001D1D00000000000000000000000000000000048
S3150001D1E00000000000000000000000000000000038
S3150001D1F00000000000000000000000000000000028
S3150001D200800080D272D4FF9773D4FF97000000008C
S3150001D2100000000000000000000000000000000007
S3150001D22000000000000000000000000000000000F7
S3150001D23000000000000000000000000000000000E7
S3150001D24000000000000000000000000000000000D7
S3150001D25000000000000000000000000000000000C7
S3150001D26000000000000000000000000000000000B7
S3150001D27000000000000000000000000000000000A7
S3150001D280A00080D252D4FF9753D4FF97000000002C
S3150001D2900000000000000000000000000000000087
S3150001D2A00000000000000000000000000000000077
S3150001D2B00000000000000000000000000000000067
S3150001D2C00000000000000000000000000000000057
S3150001D2D00000000000000000000000000000000047
S3150001D2E00000000000000000000000000000000037
S3150001D2F00000000000000000000000000000000027
S3150001D300C00080D232D4FF9733D4FF9700000000CB
S3150001D3100000000000000000000000000000000006
S3150001D32000000000000000000000000000000000F6
S3150001D33000000000000000000000000000000000E6
S3150001D34000000000000000000000000000000000D6
S3150001D35000000000000000000000000000000000C6
S3150001D36000000000000000000000000000000000B6
S3150001D37000000000000000000000000000000000A6
S3150001D380E00080D212D4FF9713D4FF97000000006B
S3150001D3900000000000000000000000000000000086
S3150001D3A00000000000000000000000000000000076
S3150001D3B00000000000000000000000000000000066
S3150001D3C00000000000000000000000000000000056
S3150001D3D00000000000000000000000000000000046
S3150001D3E00000000000000000000000000000000036
S3150001D3F00000000000000000000000000000000026
S3150001D400000180D2F2D3FF97F3D3FF97000000000B
S3150001D4100000000000000000000000000000000005
S3150001D42000000000000000000000000000000000F5
S3150001D43000000000000000000000000000000000E5
S3150001D44000000000000000000000000000000000D5
S3150001D45000000000000000000000000000000000C5
S3150001D46000000000000000000000000000000000B5
S3150001D47000000000000000000000000000000000A5
S3150001D480200180D2D2D3FF97D3D3FF9700000000AB
S3150001D4900000000000000000000000000000000085
S3150001D4A00000000000000000000000000000000075
S3150001D4B00000000000000000000000000000000065
S3150001D4C00000000000000000000000000000000055
S3150001D4D00000000000000000000000000000000045
S3150001D4E00000000000000000000000000000000035
S3150001D4F00000000000000000000000000000000025
S3150001D500400180D2B2D3FF97B3D3FF97000000004A
S3150001D5100000000000000000000000000000000004
S3150001D52000000000000000000000000000000000F4
S3150001D53000000000000000000000000000000000E4
S3150001D54000000000000000000000000000000000D4
S3150001D55000000000000000000000000000000000C4
S3150001D56000000000000000000000000000000000B4
S3150001D57000000000000000000000000000000000A4
S3150001D580600180D292D3FF9793D3FF9700000000EA
S3150001D5900000000000000000000000000000000084
S3150001D5A00000000000000000000000000000000074
S3150001D5B00000000000000000000000000000000064
S3150001D5C00000000000000000000000000000000054
S3150001D5D00000000000000000000000000000000044
S3150001D5E00000000000000000000000000000000034
S3150001D5F00000000000000000000000000000000024
S3150001D600800180D272D3FF9773D3FF970000000089
S3150001D6100000000000000000000000000000000003
S3150001D62000000000000000000000000000000000F3
S3150001D63000000000000000000000000000000000E3
S3150001D64000000000000000000000000000000000D3
S3150001D65000000000000000000000000000000000C3
S3150001D66000000000000000000000000000000000B3
S3150001D67000000000000000000000000000000000A3
S3150001D680A00180D252D3FF9753D3FF970000000029
S3150001D6900000000000000000000000000000000083
S3150001D6A00000000000000000000000000000000073
S3150001D6B00000000000000000000000000000000063
S3150001D6C00000000000000000000000000000000053
S3150001D6D00000000000000000000000000000000043
S3150001D6E00000000000000000000000000000000033
S3150001D6F00000000000000000000000000000000023
S3150001D700C00180D232D3FF9733D3FF9700000000C8
S3150001D7100000000000000000000000000000000002
S3150001D72000000000000000000000000000000000F2
S3150001D73000000000000000000000000000000000E2
S3150001D74000000000000000000000000000000000D2
S3150001D75000000000000000000000000000000000C2
S3150001D76000000000000000000000000000000000B2
S3150001D77000000000000000000000000000000000A2
S3150001D780E00180D212D3FF9713D3FF970000000068
S3150001D7900000000000000000000000000000000082
S3150001D7A00000000000000000000000000000000072
S3150001D7B00000000000000000000000000000000062
S3150001D7C00000000000000000000000000000000052
S3150001D7D00000000000000000000000000000000042
S3150001D7E00000000000000000000000000000000032
S3150001D7F00000000000000000000000000000000022
S3150001D8000000000000000000000000000000000011
S3150001D8100000000000000000000000000000000001
S3150001D82000000000000000000000000000000000F1
S3150001D83000000000000000000000000000000000E1
S3150001D84000000000000000000000000000000000D1
S3150001D85000000000000000000000000000000000C1
S3150001D86000000000000000000000000000000000B1
S3150001D87000000000000000000000000000000000A1
S3150001D8800000000000000000000000000000000091
S3150001D8900000000000000000000000000000000081
S3150001D8A00000000000000000000000000000000071
S3150001D8B00000000000000000000000000000000061
S3150001D8C00000000000000000000000000000000051
S3150001D8D00000000000000000000000000000000041
S3150001D8E00000000000000000000000000000000031
S3150001D8F00000000000000000000000000000000021
S3150001D9000000000000000000000000000000000010
S3150001D9100000000000000000000000000000000000
S3150001D92000000000000000000000000000000000F0
S3150001D93000000000000000000000000000000000E0
S3150001D94000000000000000000000000000000000D0
S3150001D95000000000000000000000000000000000C0
S3150001D96000000000000000000000000000000000B0
S3150001D97000000000000000000000000000000000A0
S3150001D9800000000000000000000000000000000090
S3150001D9900000000000000000000000000000000080
S3150001D9A00000000000000000000000000000000070
S3150001D9B00000000000000000000000000000000060
S3150001D9C00000000000000000000000000000000050
S3150001D9D00000000000000000000000000000000040
S3150001D9E00000000000000000000000000000000030
S3150001D9F00000000000000000000000000000000020
S3150001DA00000000000000000000000000000000000F
S3150001DA1000000000000000000000000000000000FF
S3150001DA2000000000000000000000000000000000EF
S3150001DA3000000000000000000000000000000000DF
S3150001DA4000000000000000000000000000000000CF
S3150001DA5000000000000000000000000000000000BF
S3150001DA6000000000000000000000000000000000AF
S3150001DA70000000000000000000000000000000009F
S3150001DA80000000000000000000000000000000008F
S3150001DA90000000000000000000000000000000007F
S3150001DAA0000000000000000000000000000000006F
S3150001DAB0000000000000000000000000000000005F
S3150001DAC0000000000000000000000000000000004F
S3150001DAD0000000000000000000000000000000003F
S3150001DAE0000000000000000000000000000000002F
S3150001DAF0000000000000000000000000000000001F
S3150001DB00000000000000000000000000000000000E
S3150001DB1000000000000000000000000000000000FE
S3150001DB2000000000000000000000000000000000EE
S3150001DB3000000000000000000000000000000000DE
S3150001DB4000000000000000000000000000000000CE
S3150001DB5000000000000000000000000000000000BE
S3150001DB6000000000000000000000000000000000AE
S3150001DB70000000000000000000000000000000009E
S3150001DB80000000000000000000000000000000008E
S3150001DB90000000000000000000000000000000007E
S3150001DBA0000000000000000000000000000000006E
S3150001DBB0000000000000000000000000000000005E
S3150001DBC0000000000000000000000000000000004E
S3150001DBD0000000000000000000000000000000003E
S3150001DBE0000000000000000000000000000000002E
S3150001DBF0000000000000000000000000000000001E
S3150001DC00000000000000000000000000000000000D
S3150001DC1000000000000000000000000000000000FD
S3150001DC2000000000000000000000000000000000ED
S3150001DC3000000000000000000000000000000000DD
S3150001DC4000000000000000000000000000000000CD
S3150001DC5000000000000000000000000000000000BD
S3150001DC6000000000000000000000000000000000AD
S3150001DC70000000000000000000000000000000009D
S3150001DC80000000000000000000000000000000008D
S3150001DC90000000000000000000000000000000007D
S3150001DCA0000000000000000000000000000000006D
S3150001DCB0000000000000000000000000000000005D
S3150001DCC0000000000000000000000000000000004D
S3150001DCD0000000000000000000000000000000003D
S3150001DCE0000000000000000000000000000000002D
S3150001DCF0000000000000000000000000000000001D
S3150001DD00000000000000000000000000000000000C
S3150001DD1000000000000000000000000000000000FC
S3150001DD2000000000000000000000000000000000EC
S3150001DD3000000000000000000000000000000000DC
S3150001DD4000000000000000000000000000000000CC
S3150001DD5000000000000000000000000000000000BC
S3150001DD6000000000000000000000000000000000AC
S3150001DD70000000000000000000000000000000009C
S3150001DD80000000000000000000000000000000008C
S3150001DD90000000000000000000000000000000007C
S3150001DDA0000000000000000000000000000000006C
S3150001DDB0000000000000000000000000000000005C
S3150001DDC0000000000000000000000000000000004C
S3150001DDD0000000000000000000000000000000003C
S3150001DDE0000000000000000000000000000000002C
S3150001DDF0000000000000000000000000000000001C
S3150001DE00000000000000000000000000000000000B
S3150001DE1000000000000000000000000000000000FB
S3150001DE2000000000000000000000000000000000EB
S3150001DE3000000000000000000000000000000000DB
S3150001DE4000000000000000000000000000000000CB
S3150001DE5000000000000000000000000000000000BB
S3150001DE6000000000000000000000000000000000AB
S3150001DE70000000000000000000000000000000009B
S3150001DE80000000000000000000000000000000008B
S3150001DE90000000000000000000000000000000007B
S3150001DEA0000000000000000000000000000000006B
S3150001DEB0000000000000000000000000000000005B
S3150001DEC0000000000000000000000000000000004B
S3150001DED0000000000000000000000000000000003B
S3150001DEE0000000000000000000000000000000002B
S3150001DEF0000000000000000000000000000000001B
S3150001DF00000000000000000000000000000000000A
S3150001DF1000000000000000000000000000000000FA
S3150001DF2000000000000000000000000000000000EA
S3150001DF3000000000000000000000000000000000DA
S3150001DF4000000000000000000000000000000000CA
S3150001DF5000000000000000000000000000000000BA
S3150001DF6000000000000000000000000000000000AA
S3150001DF70000000000000000000000000000000009A
S3150001DF80000000000000000000000000000000008A
S3150001DF90000000000000000000000000000000007A
S3150001DFA0000000000000000000000000000000006A
S3150001DFB0000000000000000000000000000000005A
S3150001DFC0000000000000000000000000000000004A
S3150001DFD0000000000000000000000000000000003A
S3150001DFE0000000000000000000000000000000002A
S3150001DFF0000000000000000000000000000000001A
S3150001E000C8AC010000000000000000000000000094
S3150001E01003000000000000000102180004000000D7
S3150001E02000000044000000000000000000000400A1
S3150001E0300102580018000000000000440000000022
S3150001E040CD0300000000000000F002000000000007
S3150001E05000000000000000000000000000000000B9
S3150001E06000000000000000000000000000000000A9
S3150001E0700000000000000000000000000000000099
S3150001E0800000000000000000050000000000000084
S3150001E0900000000000000000000000000000000079
S3150001E0A00000000000000000000000000000000069
S3150001E0B00000000000000000000000000000000059
S3150001E0C00000000000000000050000000000000044
S3150001E0D001021800000000000000005000000000CE
S3150001E0E000000000000000080102580009000000BD
S3150001E0F00000005000000000C50300000000000001
S3150001E1000000000000000000000000000000000008
S3150001E11000000000000000000000000000000000F8
S3150001E12000000000000000000000000000000000E8
S3150001E13000000000000000000000000000000000D8
S3150001E140FFFFFFFF000000000000000000000000CC
S3150001E15000000000000000000000000000000000B8
S3150001E16000000000000000000000000000000000A8
S3150001E1700000000000000000000000000000000098
S3150001E18010E0010000000000000000000000000097
S3150001E1900000000000000000000000000000000078
S3150001E1A00000000000000000000000000000000068
S3150001E1B00000000000000000000000000000000058
S3150001E1C00000000000000000000000000000000048
S3150001E1D0600002000000000020C9010000000000EC
S3150001E1E02094010000000000600002000000000011
S3150001E1F030C9010000000000209401000000000069
S3150001E200600002000000000040C90100000000009B
S3150001E2102094010000000000000000000000000042
S3150001E22000000000000000000000000000000000E7
S3150001E230FFFFFFFF00000000FFFFFFFF00000000DF
S3150001E2409800020000000000090000000000000024
S3150001E250001002000000000006000000000000009F
S3150001E260C0040200000000000400000000000000DD
S3150001E2700000000000000000000000000000000097
S3150001E2800100000000000000FFFFFFFF000000008A
S3150001E29004050111000000008406011100000000C0
S3150001E2A0000003000000000020050111000000002D
S3150001E2B0A00601110000000000000100000000009E
S3150001E2C02C05011100000000AC0601110000000040
S3150001E2D003000300000000003405011100000000E6
S3150001E2E0B406011100000000000006000000000055
S3150001E2F03805011100000000B806011100000000F8
S3150001E30000000100000000003C05011100000000B2
S3150001E310BC06011100000000000001000000000021
S3150001E3204005011100000000C006011100000000B7
S3150001E330000001000000000044050111000000007A
S3150001E340C40601110000000000000F0000000000DB
S3150001E3504805011100000000C80601110000000077
S3150001E36000003C00000000004C0501110000000007
S3150001E370CC060111000000000000030000000000AF
S3150001E3805005011100000000D00601110000000037
S3150001E3900300030000000000540501110000000005
S3150001E3A0D406011100000000FF00FF00000000007C
S3150001E3B05805011100000000D806011100000000F7
S3150001E3C000000700000000005C05011100000000CC
S3150001E3D0DC0601110000000000000300000000003F
S3150001E3E06005011100000000E006011100000000B7
S3150001E3F00100010000000000640501110000000099
S3150001E400E40601110000000000001F0000000000EA
S3150001E4106805011100000000E80601110000000076
S3150001E42000003F00000000006C0501110000000023
S3150001E430EC060111000000000000030000000000CE
S3150001E4407005011100000000F00601110000000036
S3150001E4500000FF000000000074050111000000002B
S3150001E460F406011100000000000001000000000098
S3150001E4707805011100000000F806011100000000F6
S3150001E48000000F00000000007C05011100000000E3
S3150001E490FC0601110000000000000300000000005E
S3150001E4A080050111000000000007011100000000B5
S3150001E4B000000F00000000008405011100000000AB
S3150001E4C0040701110000000001001F000000000008
S3150001E4D08805011100000000080701110000000075
S3150001E4E000000300000000008C050111000000007F
S3150001E4F00C070111000000000000010000000000EF
S3150001E5009005011100000000100701110000000034
S3150001E5100000070000000000940501110000000042
S3150001E52014070111000000000000010000000000B6
S3150001E53098050111000000001807011100000000F4
S3150001E5400100010000000000A80501110000000003
S3150001E5502807011100000000000003000000000070
S3150001E560AC050111000000002C070111000000009C
S3150001E57000000100000000001C0201110000000063
S3150001E5800100010000000000180201110000000056
S3150001E590220011000000000014000111000000001B
S3150001E5A00332E1FA0000000018000111000000002A
S3150001E5B0001008000000000010000111000000001A
S3150001E5C0010001000000000024000111000000000C
S3150001E5D0833E000000000000280001110000000039
S3150001E5E0022D0800000000002000011100000000BB
S3150001E5F001000100000000000408011100000000F4
S3150001E600840901110000000000000700010000005C
S3150001E6102008011100000000A009011100000000FE
S3150001E62000000100010000002C080111000000009B
S3150001E630AC09011100000000030003000100000005
S3150001E6403408011100000000B409011100000000A6
S3150001E650000006000100000038080111000000005A
S3150001E660B8090111000000000000010001000000CE
S3150001E6703C08011100000000BC0901110000000066
S3150001E6800000010001000000400801110000000027
S3150001E690C009011100000000000001000100000096
S3150001E6A04408011100000000C40901110000000026
S3150001E6B000000F00010000004808011100000000E1
S3150001E6C0C809011100000000000006000100000059
S3150001E6D04C08011100000000CC09011100000000E6
S3150001E6E000007F0001000000500801110000000039
S3150001E6F0D009011100000000010001000100000025
S3150001E7005408011100000000D409011100000000A5
S3150001E7100300030001000000580801110000000079
S3150001E720D8090111000000000000070001000000E7
S3150001E7305C08011100000000DC0901110000000065
S3150001E7400000030001000000600801110000000044
S3150001E750E0090111000000000300030001000000B0
S3150001E7606408011100000000E40901110000000025
S3150001E7700000070001000000680801110000000008
S3150001E780E809011100000000000007000100000077
S3150001E7906C08011100000000EC09011100000000E5
S3150001E7A000000100010000007008011100000000D6
S3150001E7B0F00901110000000000000F000100000037
S3150001E7C07408011100000000F409011100000000A5
S3150001E7D0000001000100000078080111000000009E
S3150001E7E0F80901110000000000000F0001000000FF
S3150001E7F07C08011100000000FC0901110000000065
S3150001E8000000030001000000800801110000000063
S3150001E810000A01110000000000000F0001000000C5
S3150001E8208408011100000000040A01110000000023
S3150001E83001001F000100000088080111000000000E
S3150001E840080A011100000000000003000100000099
S3150001E8508C080111000000000C0A011100000000E3
S3150001E86000000100010000009008011100000000F5
S3150001E870100A01110000000000000700010000005D
S3150001E8809408011100000000140A011100000000A3
S3150001E89000000300010000009808011100000000BB
S3150001E8A0180A01110000000007000700010000001E
S3150001E8B0A808011100000000280A0111000000004B
S3150001E8C00000030001000000AC0801110000000077
S3150001E8D02C0A0111000000000000010001000000E7
S3150001E8E050050111000000000300030000000000B4
S3150001E8F0B80501110000000008020802000000002E
S3150001E90008020111000000000001000100000000E2
S3150001E91008040111000000000000000100000000D1
S30E0001E920020000001400000001D0
S70500011E00DB
